dataset,model,strategy,class,support_in_attributable_pool,precision_mean ± SD,recall_mean ± SD,f1_mean ± SD,predicted_share_mean ± SD
dreaddit,Gemma 4 31B,zero-shot,0,344,0.6242 ± 0.0034,0.9465 ± 0.0026,0.7523 ± 0.0025,0.7462 ± 0.0047
dreaddit,Gemma 4 31B,zero-shot,1,355,0.8963 ± 0.0044,0.4479 ± 0.0082,0.5973 ± 0.0075,0.2538 ± 0.0047
dreaddit,Gemma 4 31B,zero-shot-CoT,0,344,0.6081 ± 0.0006,0.9535 ± 0.0046,0.7426 ± 0.0012,0.7717 ± 0.0041
dreaddit,Gemma 4 31B,zero-shot-CoT,1,355,0.8999 ± 0.0081,0.4045 ± 0.0038,0.5581 ± 0.0022,0.2283 ± 0.0041
dreaddit,Gemma 4 31B,one-shot-CoT,0,344,0.6085 ± 0.0049,0.9558 ± 0.0024,0.7436 ± 0.0040,0.7731 ± 0.0057
dreaddit,Gemma 4 31B,one-shot-CoT,1,355,0.9041 ± 0.0060,0.4039 ± 0.0117,0.5583 ± 0.0120,0.2269 ± 0.0057
dreaddit,Llama 4 Scout,zero-shot,0,344,0.7298 ± 0.0061,0.8001 ± 0.0084,0.7633 ± 0.0053,0.5471 ± 0.0072
dreaddit,Llama 4 Scout,zero-shot,1,355,0.7799 ± 0.0071,0.7050 ± 0.0085,0.7405 ± 0.0057,0.4529 ± 0.0072
dreaddit,Llama 4 Scout,zero-shot-CoT,0,344,0.7044 ± 0.0062,0.8335 ± 0.0082,0.7635 ± 0.0042,0.5864 ± 0.0090
dreaddit,Llama 4 Scout,zero-shot-CoT,1,355,0.8006 ± 0.0062,0.6563 ± 0.0115,0.7213 ± 0.0065,0.4136 ± 0.0090
dreaddit,Llama 4 Scout,one-shot-CoT,0,344,0.7140 ± 0.0054,0.8268 ± 0.0046,0.7663 ± 0.0039,0.5695 ± 0.0048
dreaddit,Llama 4 Scout,one-shot-CoT,1,355,0.8021 ± 0.0042,0.6795 ± 0.0080,0.7357 ± 0.0054,0.4305 ± 0.0048
dreaddit,Mistral Small 4,zero-shot,0,344,0.6181 ± 0.0025,0.9494 ± 0.0026,0.7487 ± 0.0020,0.7562 ± 0.0041
dreaddit,Mistral Small 4,zero-shot,1,355,0.8979 ± 0.0047,0.4312 ± 0.0068,0.5826 ± 0.0064,0.2438 ± 0.0041
dreaddit,Mistral Small 4,zero-shot-CoT,0,344,0.5968 ± 0.0023,0.9610 ± 0.0067,0.7363 ± 0.0032,0.7928 ± 0.0043
dreaddit,Mistral Small 4,zero-shot-CoT,1,355,0.9076 ± 0.0143,0.3703 ± 0.0051,0.5260 ± 0.0056,0.2072 ± 0.0043
dreaddit,Mistral Small 4,one-shot-CoT,0,344,0.6066 ± 0.0037,0.9576 ± 0.0049,0.7427 ± 0.0039,0.7768 ± 0.0036
dreaddit,Mistral Small 4,one-shot-CoT,1,355,0.9064 ± 0.0106,0.3983 ± 0.0076,0.5534 ± 0.0086,0.2232 ± 0.0036
dreaddit,Phi-4,zero-shot,0,344,0.7074 ± 0.0171,0.8172 ± 0.0216,0.7581 ± 0.0118,0.5658 ± 0.0200
dreaddit,Phi-4,zero-shot,1,355,0.7943 ± 0.0165,0.6754 ± 0.0267,0.7297 ± 0.0151,0.4342 ± 0.0200
dreaddit,Phi-4,zero-shot-CoT,0,344,0.6451 ± 0.0036,0.8970 ± 0.0056,0.7504 ± 0.0020,0.6852 ± 0.0071
dreaddit,Phi-4,zero-shot-CoT,1,355,0.8388 ± 0.0058,0.5205 ± 0.0093,0.6423 ± 0.0063,0.3148 ± 0.0071
dreaddit,Phi-4,one-shot-CoT,0,344,0.6853 ± 0.0099,0.8496 ± 0.0182,0.7586 ± 0.0092,0.6117 ± 0.0157
dreaddit,Phi-4,one-shot-CoT,1,355,0.8094 ± 0.0176,0.6200 ± 0.0191,0.7019 ± 0.0125,0.3883 ± 0.0157
dreaddit,Qwen3.5 27B,zero-shot,0,344,0.6244 ± 0.0011,0.9424 ± 0.0012,0.7511 ± 0.0006,0.7434 ± 0.0016
dreaddit,Qwen3.5 27B,zero-shot,1,355,0.8894 ± 0.0018,0.4497 ± 0.0024,0.5974 ± 0.0018,0.2566 ± 0.0016
dreaddit,Qwen3.5 27B,zero-shot-CoT,0,344,0.6077 ± 0.0020,0.9654 ± 0.0013,0.7459 ± 0.0017,0.8391 ± 0.0044
dreaddit,Qwen3.5 27B,zero-shot-CoT,1,355,0.8862 ± 0.0065,0.3022 ± 0.0090,0.4507 ± 0.0108,0.1609 ± 0.0044
dreaddit,Qwen3.5 27B,one-shot-CoT,0,344,0.5861 ± 0.0009,0.9738 ± 0.0000,0.7318 ± 0.0007,0.8187 ± 0.0016
dreaddit,Qwen3.5 27B,one-shot-CoT,1,355,0.9289 ± 0.0006,0.3320 ± 0.0029,0.4892 ± 0.0033,0.1813 ± 0.0016
goemotions,Gemma 4 31B,zero-shot,anxiety,6,0.5286 ± 0.0391,0.6667 ± 0.0000,0.5890 ± 0.0241,0.0122 ± 0.0009
goemotions,Gemma 4 31B,zero-shot,fear,15,0.9600 ± 0.0548,0.6000 ± 0.0000,0.7380 ± 0.0164,0.0151 ± 0.0009
goemotions,Gemma 4 31B,zero-shot,frustration,81,0.6196 ± 0.0270,0.2938 ± 0.0161,0.3986 ± 0.0203,0.0617 ± 0.0009
goemotions,Gemma 4 31B,zero-shot,non_distress,487,0.8403 ± 0.0024,0.9548 ± 0.0029,0.8939 ± 0.0025,0.8897 ± 0.0014
goemotions,Gemma 4 31B,zero-shot,sadness,33,0.6066 ± 0.0197,0.2424 ± 0.0000,0.3463 ± 0.0033,0.0212 ± 0.0007
goemotions,Gemma 4 31B,zero-shot-CoT,anxiety,6,0.5317 ± 0.0578,0.6667 ± 0.0000,0.5902 ± 0.0370,0.0122 ± 0.0014
goemotions,Gemma 4 31B,zero-shot-CoT,fear,15,0.9400 ± 0.0548,0.6000 ± 0.0000,0.7320 ± 0.0164,0.0154 ± 0.0009
goemotions,Gemma 4 31B,zero-shot-CoT,frustration,81,0.6413 ± 0.0353,0.2469 ± 0.0151,0.3565 ± 0.0200,0.0502 ± 0.0021
goemotions,Gemma 4 31B,zero-shot-CoT,non_distress,487,0.8343 ± 0.0018,0.9598 ± 0.0028,0.8927 ± 0.0020,0.9006 ± 0.0021
goemotions,Gemma 4 31B,zero-shot-CoT,sadness,33,0.5978 ± 0.0241,0.2424 ± 0.0000,0.3449 ± 0.0041,0.0215 ± 0.0009
goemotions,Gemma 4 31B,one-shot-CoT,anxiety,6,0.4698 ± 0.0568,0.6667 ± 0.0000,0.5497 ± 0.0367,0.0139 ± 0.0014
goemotions,Gemma 4 31B,one-shot-CoT,fear,15,0.9800 ± 0.0447,0.6000 ± 0.0000,0.7440 ± 0.0134,0.0148 ± 0.0007
goemotions,Gemma 4 31B,one-shot-CoT,frustration,81,0.5853 ± 0.0315,0.2797 ± 0.0218,0.3783 ± 0.0253,0.0622 ± 0.0034
goemotions,Gemma 4 31B,one-shot-CoT,non_distress,487,0.8396 ± 0.0021,0.9502 ± 0.0038,0.8915 ± 0.0028,0.8859 ± 0.0013
goemotions,Gemma 4 31B,one-shot-CoT,sadness,33,0.5987 ± 0.0216,0.2606 ± 0.0166,0.3626 ± 0.0138,0.0232 ± 0.0021
goemotions,Llama 4 Scout,zero-shot,anxiety,6,0.1427 ± 0.0243,0.7667 ± 0.0943,0.2404 ± 0.0382,0.0467 ± 0.0018
goemotions,Llama 4 Scout,zero-shot,fear,15,0.6845 ± 0.0555,0.7314 ± 0.0778,0.7062 ± 0.0582,0.0264 ± 0.0014
goemotions,Llama 4 Scout,zero-shot,frustration,81,0.3389 ± 0.0152,0.3975 ± 0.0235,0.3658 ± 0.0186,0.1565 ± 0.0048
goemotions,Llama 4 Scout,zero-shot,non_distress,487,0.8727 ± 0.0043,0.8003 ± 0.0052,0.8350 ± 0.0046,0.7157 ± 0.0035
goemotions,Llama 4 Scout,zero-shot,sadness,33,0.4452 ± 0.0170,0.4619 ± 0.0094,0.4534 ± 0.0126,0.0547 ± 0.0013
goemotions,Llama 4 Scout,zero-shot-CoT,anxiety,6,0.1551 ± 0.0367,0.7267 ± 0.1164,0.2552 ± 0.0558,0.0422 ± 0.0025
goemotions,Llama 4 Scout,zero-shot-CoT,fear,15,0.7505 ± 0.0224,0.7055 ± 0.0120,0.7272 ± 0.0126,0.0219 ± 0.0014
goemotions,Llama 4 Scout,zero-shot-CoT,frustration,81,0.3344 ± 0.0213,0.4045 ± 0.0206,0.3661 ± 0.0208,0.1652 ± 0.0052
goemotions,Llama 4 Scout,zero-shot-CoT,non_distress,487,0.8694 ± 0.0060,0.8039 ± 0.0094,0.8353 ± 0.0061,0.7192 ± 0.0095
goemotions,Llama 4 Scout,zero-shot-CoT,sadness,33,0.4750 ± 0.0479,0.4552 ± 0.0343,0.4643 ± 0.0378,0.0514 ± 0.0034
goemotions,Llama 4 Scout,one-shot-CoT,anxiety,6,0.2407 ± 0.0345,0.8200 ± 0.0183,0.3713 ± 0.0421,0.0324 ± 0.0025
goemotions,Llama 4 Scout,one-shot-CoT,fear,15,0.7070 ± 0.0294,0.7067 ± 0.0365,0.7065 ± 0.0288,0.0253 ± 0.0012
goemotions,Llama 4 Scout,one-shot-CoT,frustration,81,0.4004 ± 0.0302,0.2748 ± 0.0189,0.3256 ± 0.0206,0.0937 ± 0.0071
goemotions,Llama 4 Scout,one-shot-CoT,non_distress,487,0.8503 ± 0.0058,0.8772 ± 0.0074,0.8635 ± 0.0060,0.8015 ± 0.0065
goemotions,Llama 4 Scout,one-shot-CoT,sadness,33,0.4796 ± 0.0312,0.4323 ± 0.0177,0.4544 ± 0.0215,0.0472 ± 0.0024
goemotions,Mistral Small 4,zero-shot,anxiety,6,0.3364 ± 0.0378,0.7000 ± 0.0745,0.4525 ± 0.0349,0.0204 ± 0.0029
goemotions,Mistral Small 4,zero-shot,fear,15,0.5428 ± 0.0523,0.7467 ± 0.0298,0.6271 ± 0.0338,0.0336 ± 0.0036
goemotions,Mistral Small 4,zero-shot,frustration,81,0.4073 ± 0.0169,0.4519 ± 0.0284,0.4284 ± 0.0218,0.1452 ± 0.0042
goemotions,Mistral Small 4,zero-shot,non_distress,487,0.8704 ± 0.0045,0.8524 ± 0.0080,0.8613 ± 0.0048,0.7656 ± 0.0075
goemotions,Mistral Small 4,zero-shot,sadness,33,0.5519 ± 0.0311,0.3636 ± 0.0000,0.4381 ± 0.0102,0.0352 ± 0.0020
goemotions,Mistral Small 4,zero-shot-CoT,anxiety,6,0.3282 ± 0.0334,0.7333 ± 0.0913,0.4531 ± 0.0474,0.0217 ± 0.0015
goemotions,Mistral Small 4,zero-shot-CoT,fear,15,0.4214 ± 0.0101,0.7867 ± 0.0298,0.5487 ± 0.0150,0.0453 ± 0.0012
goemotions,Mistral Small 4,zero-shot-CoT,frustration,81,0.3699 ± 0.0162,0.4691 ± 0.0175,0.4136 ± 0.0153,0.1663 ± 0.0058
goemotions,Mistral Small 4,zero-shot-CoT,non_distress,487,0.8770 ± 0.0050,0.8175 ± 0.0080,0.8462 ± 0.0063,0.7286 ± 0.0045
goemotions,Mistral Small 4,zero-shot-CoT,sadness,33,0.5010 ± 0.0246,0.3576 ± 0.0136,0.4170 ± 0.0130,0.0382 ± 0.0024
goemotions,Mistral Small 4,one-shot-CoT,anxiety,6,0.5460 ± 0.0568,0.6667 ± 0.0000,0.5990 ± 0.0367,0.0119 ± 0.0015
goemotions,Mistral Small 4,one-shot-CoT,fear,15,0.5767 ± 0.0623,0.8000 ± 0.0000,0.6687 ± 0.0417,0.0339 ± 0.0036
goemotions,Mistral Small 4,one-shot-CoT,frustration,81,0.4260 ± 0.0236,0.3951 ± 0.0175,0.4098 ± 0.0191,0.1214 ± 0.0044
goemotions,Mistral Small 4,one-shot-CoT,non_distress,487,0.8632 ± 0.0021,0.8828 ± 0.0037,0.8729 ± 0.0027,0.7999 ± 0.0025
goemotions,Mistral Small 4,one-shot-CoT,sadness,33,0.5500 ± 0.0468,0.3394 ± 0.0254,0.4195 ± 0.0315,0.0329 ± 0.0018
goemotions,Phi-4,zero-shot,anxiety,6,0.3205 ± 0.0566,0.6700 ± 0.0532,0.4318 ± 0.0568,0.0195 ± 0.0033
goemotions,Phi-4,zero-shot,fear,15,0.8395 ± 0.1101,0.7053 ± 0.0509,0.7644 ± 0.0626,0.0205 ± 0.0016
goemotions,Phi-4,zero-shot,frustration,81,0.3587 ± 0.0551,0.1437 ± 0.0335,0.2044 ± 0.0422,0.0524 ± 0.0078
goemotions,Phi-4,zero-shot,non_distress,487,0.8271 ± 0.0062,0.9286 ± 0.0116,0.8749 ± 0.0060,0.8777 ± 0.0098
goemotions,Phi-4,zero-shot,sadness,33,0.5684 ± 0.1190,0.3080 ± 0.0204,0.3956 ± 0.0250,0.0298 ± 0.0061
goemotions,Phi-4,zero-shot-CoT,anxiety,6,0.4010 ± 0.0690,0.7200 ± 0.0730,0.5092 ± 0.0434,0.0174 ± 0.0029
goemotions,Phi-4,zero-shot-CoT,fear,15,0.8091 ± 0.0842,0.7344 ± 0.0419,0.7668 ± 0.0344,0.0222 ± 0.0031
goemotions,Phi-4,zero-shot-CoT,frustration,81,0.5576 ± 0.1170,0.1549 ± 0.0426,0.2413 ± 0.0615,0.0362 ± 0.0070
goemotions,Phi-4,zero-shot-CoT,non_distress,487,0.8358 ± 0.0044,0.9539 ± 0.0039,0.8909 ± 0.0029,0.8948 ± 0.0078
goemotions,Phi-4,zero-shot-CoT,sadness,33,0.5739 ± 0.0437,0.3205 ± 0.0442,0.4090 ± 0.0348,0.0294 ± 0.0052
goemotions,Phi-4,one-shot-CoT,anxiety,6,0.4105 ± 0.0344,0.7600 ± 0.1461,0.5294 ± 0.0444,0.0193 ± 0.0038
goemotions,Phi-4,one-shot-CoT,fear,15,0.8414 ± 0.0479,0.5967 ± 0.1070,0.6931 ± 0.0686,0.0201 ± 0.0067
goemotions,Phi-4,one-shot-CoT,frustration,81,0.5654 ± 0.0991,0.1241 ± 0.1027,0.1902 ± 0.1196,0.0293 ± 0.0251
goemotions,Phi-4,one-shot-CoT,non_distress,487,0.8232 ± 0.0074,0.9580 ± 0.0195,0.8854 ± 0.0062,0.9017 ± 0.0410
goemotions,Phi-4,one-shot-CoT,sadness,33,0.5962 ± 0.0652,0.3101 ± 0.0548,0.4049 ± 0.0504,0.0296 ± 0.0078
goemotions,Qwen3.5 27B,zero-shot,anxiety,6,0.5714 ± 0.0000,0.6667 ± 0.0000,0.6154 ± 0.0000,0.0113 ± 0.0000
goemotions,Qwen3.5 27B,zero-shot,fear,15,0.6714 ± 0.0261,0.6533 ± 0.0298,0.6621 ± 0.0252,0.0235 ± 0.0009
goemotions,Qwen3.5 27B,zero-shot,frustration,81,0.4252 ± 0.0028,0.3580 ± 0.0000,0.3887 ± 0.0012,0.1096 ± 0.0007
goemotions,Qwen3.5 27B,zero-shot,non_distress,487,0.8521 ± 0.0012,0.8994 ± 0.0000,0.8751 ± 0.0006,0.8264 ± 0.0011
goemotions,Qwen3.5 27B,zero-shot,sadness,33,0.4503 ± 0.0131,0.2485 ± 0.0136,0.3202 ± 0.0145,0.0293 ± 0.0007
goemotions,Qwen3.5 27B,zero-shot-CoT,anxiety,6,0.5714 ± 0.0000,0.6667 ± 0.0000,0.6154 ± 0.0000,0.0113 ± 0.0000
goemotions,Qwen3.5 27B,zero-shot-CoT,fear,15,0.6967 ± 0.0098,0.6133 ± 0.0298,0.6522 ± 0.0209,0.0212 ± 0.0007
goemotions,Qwen3.5 27B,zero-shot-CoT,frustration,81,0.4346 ± 0.0066,0.3778 ± 0.0110,0.4042 ± 0.0090,0.1132 ± 0.0018
goemotions,Qwen3.5 27B,zero-shot-CoT,non_distress,487,0.8553 ± 0.0022,0.9002 ± 0.0011,0.8772 ± 0.0012,0.8241 ± 0.0024
goemotions,Qwen3.5 27B,zero-shot-CoT,sadness,33,0.4789 ± 0.0118,0.2727 ± 0.0000,0.3475 ± 0.0030,0.0302 ± 0.0007
goemotions,Qwen3.5 27B,one-shot-CoT,anxiety,6,0.5000 ± 0.0000,0.6667 ± 0.0000,0.5714 ± 0.0000,0.0129 ± 0.0000
goemotions,Qwen3.5 27B,one-shot-CoT,fear,15,0.6250 ± 0.0000,0.6667 ± 0.0000,0.6452 ± 0.0000,0.0258 ± 0.0000
goemotions,Qwen3.5 27B,one-shot-CoT,frustration,81,0.4111 ± 0.0000,0.4568 ± 0.0000,0.4327 ± 0.0000,0.1452 ± 0.0000
goemotions,Qwen3.5 27B,one-shot-CoT,non_distress,487,0.8675 ± 0.0000,0.8639 ± 0.0000,0.8657 ± 0.0000,0.7790 ± 0.0000
goemotions,Qwen3.5 27B,one-shot-CoT,sadness,33,0.3913 ± 0.0000,0.2727 ± 0.0000,0.3214 ± 0.0000,0.0371 ± 0.0000
