Model,Prompt Strategy,Conditional Accuracy (mean ± SD),Effective Accuracy (mean ± SD),Macro-Precision (mean ± SD),Macro-Recall (mean ± SD),Macro-F1 (mean ± SD),Invalid Outputs (Σ 5 runs),Invalid Output Rate (mean ± SD),"Total System Response Time (s, mean ± SD)"
Gemma 4 31B,zero-shot,0.6933 ± 0.0040,0.6933 ± 0.0040,0.7603 ± 0.0031,0.6972 ± 0.0039,0.6748 ± 0.0049,0,0.0000 ± 0.0000,15.07 ± 2.73
Gemma 4 31B,zero-shot-CoT,0.6747 ± 0.0008,0.6747 ± 0.0008,0.7540 ± 0.0039,0.6790 ± 0.0008,0.6503 ± 0.0009,0,0.0000 ± 0.0000,13.10 ± 1.97
Gemma 4 31B,one-shot-CoT,0.6755 ± 0.0064,0.6755 ± 0.0064,0.7563 ± 0.0051,0.6799 ± 0.0063,0.6510 ± 0.0080,0,0.0000 ± 0.0000,15.14 ± 3.77
Llama 4 Scout,zero-shot,0.7525 ± 0.0050,0.7296 ± 0.0027,0.7548 ± 0.0051,0.7525 ± 0.0050,0.7519 ± 0.0050,106,0.0303 ± 0.0050,12.46 ± 0.88
Llama 4 Scout,zero-shot-CoT,0.7441 ± 0.0046,0.7330 ± 0.0049,0.7525 ± 0.0043,0.7449 ± 0.0045,0.7424 ± 0.0048,52,0.0149 ± 0.0022,14.08 ± 2.11
Llama 4 Scout,one-shot-CoT,0.7519 ± 0.0044,0.7502 ± 0.0049,0.7581 ± 0.0042,0.7531 ± 0.0044,0.7510 ± 0.0045,8,0.0023 ± 0.0008,10.23 ± 0.64
Mistral Small 4,zero-shot,0.6863 ± 0.0033,0.6861 ± 0.0036,0.7580 ± 0.0029,0.6903 ± 0.0033,0.6657 ± 0.0041,1,0.0003 ± 0.0006,5.36 ± 0.03
Mistral Small 4,zero-shot-CoT,0.6611 ± 0.0039,0.6609 ± 0.0042,0.7522 ± 0.0079,0.6657 ± 0.0040,0.6312 ± 0.0042,1,0.0003 ± 0.0006,5.25 ± 0.11
Mistral Small 4,one-shot-CoT,0.6735 ± 0.0053,0.6735 ± 0.0053,0.7565 ± 0.0068,0.6779 ± 0.0053,0.6481 ± 0.0061,0,0.0000 ± 0.0000,4.89 ± 0.12
Phi-4,zero-shot,0.7447 ± 0.0124,0.7222 ± 0.0164,0.7508 ± 0.0114,0.7463 ± 0.0118,0.7439 ± 0.0126,106,0.0303 ± 0.0104,12.91 ± 1.36
Phi-4,zero-shot-CoT,0.7060 ± 0.0031,0.7001 ± 0.0022,0.7419 ± 0.0028,0.7087 ± 0.0031,0.6964 ± 0.0038,29,0.0083 ± 0.0026,12.86 ± 1.19
Phi-4,one-shot-CoT,0.7333 ± 0.0098,0.7299 ± 0.0101,0.7473 ± 0.0109,0.7348 ± 0.0099,0.7302 ± 0.0101,16,0.0046 ± 0.0012,10.13 ± 1.84
Qwen3.5 27B,zero-shot,0.6924 ± 0.0010,0.6910 ± 0.0014,0.7569 ± 0.0008,0.6960 ± 0.0008,0.6742 ± 0.0012,7,0.0020 ± 0.0008,9.05 ± 0.27
Qwen3.5 27B,zero-shot-CoT,0.6525 ± 0.0035,0.6023 ± 0.0049,0.7469 ± 0.0040,0.6338 ± 0.0049,0.5983 ± 0.0061,269,0.0770 ± 0.0037,8.67 ± 0.24
Qwen3.5 27B,one-shot-CoT,0.6482 ± 0.0014,0.6475 ± 0.0016,0.7575 ± 0.0008,0.6529 ± 0.0015,0.6105 ± 0.0020,4,0.0011 ± 0.0006,8.40 ± 0.45
