dataset,strategy,model_A,model_B,A_acc_cond,B_acc_cond,diff_A_minus_B,ci_low,ci_high,A_valid_run_outcomes,B_valid_run_outcomes,note
dreaddit,zero-shot,Gemma 4 31B,Llama 4 Scout,0.6932761087267524,0.7524517148070454,-0.05917560608029304,-0.09232382740888478,-0.02796230240186005,3495,3389,conditional on each configuration's own valid predictions; denominators differ; no test
dreaddit,zero-shot,Gemma 4 31B,Mistral Small 4,0.6932761087267524,0.6863181540555277,0.006957954671224731,-0.012131979243520719,0.026325532586462124,3495,3494,conditional on each configuration's own valid predictions; denominators differ; no test
dreaddit,zero-shot,Gemma 4 31B,Phi-4,0.6932761087267524,0.7447250405934643,-0.051448931866711956,-0.07919634404644109,-0.023691430839822527,3495,3389,conditional on each configuration's own valid predictions; denominators differ; no test
dreaddit,zero-shot,Gemma 4 31B,Qwen3.5 27B,0.6932761087267524,0.6923733725791664,0.0009027361475859585,-0.01897708224051215,0.02023752526294682,3495,3488,conditional on each configuration's own valid predictions; denominators differ; no test
dreaddit,zero-shot,Llama 4 Scout,Mistral Small 4,0.7524517148070454,0.6863181540555277,0.06613356075151777,0.03252582271561596,0.10024087181953212,3389,3494,conditional on each configuration's own valid predictions; denominators differ; no test
dreaddit,zero-shot,Llama 4 Scout,Phi-4,0.7524517148070454,0.7447250405934643,0.007726674213581086,-0.014200650404517666,0.028859974498226547,3389,3389,conditional on each configuration's own valid predictions; denominators differ; no test
dreaddit,zero-shot,Llama 4 Scout,Qwen3.5 27B,0.7524517148070454,0.6923733725791664,0.060078342227879,0.027131855412618904,0.09416882685226977,3389,3488,conditional on each configuration's own valid predictions; denominators differ; no test
dreaddit,zero-shot,Mistral Small 4,Phi-4,0.6863181540555277,0.7447250405934643,-0.058406886537936686,-0.08635474308966627,-0.03097955463813648,3494,3389,conditional on each configuration's own valid predictions; denominators differ; no test
dreaddit,zero-shot,Mistral Small 4,Qwen3.5 27B,0.6863181540555277,0.6923733725791664,-0.006055218523638772,-0.029535036897429486,0.01631992335008723,3494,3488,conditional on each configuration's own valid predictions; denominators differ; no test
dreaddit,zero-shot,Phi-4,Qwen3.5 27B,0.7447250405934643,0.6923733725791664,0.052351668014297914,0.024067735353795423,0.08242331748572743,3389,3488,conditional on each configuration's own valid predictions; denominators differ; no test
dreaddit,zero-shot-cot,Gemma 4 31B,Llama 4 Scout,0.6746781115879829,0.7441180891399372,-0.0694399775519543,-0.09897245630643128,-0.039985099690474264,3495,3443,conditional on each configuration's own valid predictions; denominators differ; no test
dreaddit,zero-shot-cot,Gemma 4 31B,Mistral Small 4,0.6746781115879829,0.661131948629028,0.013546162958954833,-0.005928249935437937,0.03347639484978526,3495,3494,conditional on each configuration's own valid predictions; denominators differ; no test
dreaddit,zero-shot-cot,Gemma 4 31B,Phi-4,0.6746781115879829,0.7060059095798868,-0.031327797991903994,-0.052859251835291395,-0.010589554840436523,3495,3466,conditional on each configuration's own valid predictions; denominators differ; no test
dreaddit,zero-shot-cot,Gemma 4 31B,Qwen3.5 27B,0.6746781115879829,0.6525057710930247,0.022172340494958198,0.0003978984793830471,0.04396542636451954,3495,3226,conditional on each configuration's own valid predictions; denominators differ; no test
dreaddit,zero-shot-cot,Llama 4 Scout,Mistral Small 4,0.7441180891399372,0.661131948629028,0.08298614051090913,0.05167495161908298,0.11485356686693962,3443,3494,conditional on each configuration's own valid predictions; denominators differ; no test
dreaddit,zero-shot-cot,Llama 4 Scout,Phi-4,0.7441180891399372,0.7060059095798868,0.03811217956005031,0.014642637347403639,0.06090587341937565,3443,3466,conditional on each configuration's own valid predictions; denominators differ; no test
dreaddit,zero-shot-cot,Llama 4 Scout,Qwen3.5 27B,0.7441180891399372,0.6525057710930247,0.0916123180469125,0.0579991610845812,0.12640318977907658,3443,3226,conditional on each configuration's own valid predictions; denominators differ; no test
dreaddit,zero-shot-cot,Mistral Small 4,Phi-4,0.661131948629028,0.7060059095798868,-0.04487396095085883,-0.06761153067612824,-0.02266111449530049,3494,3466,conditional on each configuration's own valid predictions; denominators differ; no test
dreaddit,zero-shot-cot,Mistral Small 4,Qwen3.5 27B,0.661131948629028,0.6525057710930247,0.008626177536003365,-0.015894843992781345,0.03246351287738071,3494,3226,conditional on each configuration's own valid predictions; denominators differ; no test
dreaddit,zero-shot-cot,Phi-4,Qwen3.5 27B,0.7060059095798868,0.6525057710930247,0.05350013848686219,0.028702790924563182,0.0791867966895248,3466,3226,conditional on each configuration's own valid predictions; denominators differ; no test
dreaddit,one-shot-cot,Gemma 4 31B,Llama 4 Scout,0.6755364806866953,0.7519335835529264,-0.07639710286623114,-0.10796411465359601,-0.04467260183790946,3495,3487,conditional on each configuration's own valid predictions; denominators differ; no test
dreaddit,one-shot-cot,Gemma 4 31B,Mistral Small 4,0.6755364806866953,0.6735336194563663,0.0020028612303290005,-0.015736766809728242,0.02002861230329034,3495,3495,conditional on each configuration's own valid predictions; denominators differ; no test
dreaddit,one-shot-cot,Gemma 4 31B,Phi-4,0.6755364806866953,0.7332533156179257,-0.057716834931230476,-0.08450840022441687,-0.032093385424143875,3495,3479,conditional on each configuration's own valid predictions; denominators differ; no test
dreaddit,one-shot-cot,Gemma 4 31B,Qwen3.5 27B,0.6755364806866953,0.6482379658210051,0.027298514865690127,0.007258230136379967,0.04749642346208871,3495,3491,conditional on each configuration's own valid predictions; denominators differ; no test
dreaddit,one-shot-cot,Llama 4 Scout,Mistral Small 4,0.7519335835529264,0.6735336194563663,0.07839996409656014,0.046967069519214484,0.1109173164138992,3487,3495,conditional on each configuration's own valid predictions; denominators differ; no test
dreaddit,one-shot-cot,Llama 4 Scout,Phi-4,0.7519335835529264,0.7332533156179257,0.01868026793500066,-0.0037229381877882132,0.04015686148099193,3487,3479,conditional on each configuration's own valid predictions; denominators differ; no test
dreaddit,one-shot-cot,Llama 4 Scout,Qwen3.5 27B,0.7519335835529264,0.6482379658210051,0.10369561773192126,0.0676632601047002,0.13901407776849123,3487,3491,conditional on each configuration's own valid predictions; denominators differ; no test
dreaddit,one-shot-cot,Mistral Small 4,Phi-4,0.6735336194563663,0.7332533156179257,-0.05971969616155948,-0.0859740352037112,-0.03343436919300354,3495,3479,conditional on each configuration's own valid predictions; denominators differ; no test
dreaddit,one-shot-cot,Mistral Small 4,Qwen3.5 27B,0.6735336194563663,0.6482379658210051,0.025295653635361126,0.004005722460658001,0.047210300429184504,3495,3491,conditional on each configuration's own valid predictions; denominators differ; no test
dreaddit,one-shot-cot,Phi-4,Qwen3.5 27B,0.7332533156179257,0.6482379658210051,0.0850153497969206,0.05558351651472232,0.11591887334062546,3479,3491,conditional on each configuration's own valid predictions; denominators differ; no test
goemotions,zero-shot,Gemma 4 31B,Llama 4 Scout,0.8196141479099678,0.7267161953435712,0.09289795256639655,0.06485790863431112,0.12181605017291088,3110,2997,conditional on each configuration's own valid predictions; denominators differ; no test
goemotions,zero-shot,Gemma 4 31B,Mistral Small 4,0.8196141479099678,0.7698215155199891,0.049792632389978664,0.025112237135839266,0.07471554397719458,3110,3093,conditional on each configuration's own valid predictions; denominators differ; no test
goemotions,zero-shot,Gemma 4 31B,Phi-4,0.8196141479099678,0.7844695688710235,0.0351445790389443,0.017257902905168283,0.05375909006595242,3110,2919,conditional on each configuration's own valid predictions; denominators differ; no test
goemotions,zero-shot,Gemma 4 31B,Qwen3.5 27B,0.8196141479099678,0.7861736334405145,0.033440514469453286,0.014790996784565968,0.05241157556270104,3110,3110,conditional on each configuration's own valid predictions; denominators differ; no test
goemotions,zero-shot,Llama 4 Scout,Mistral Small 4,0.7267161953435712,0.7698215155199891,-0.04310532017641788,-0.0697710009955996,-0.01603004684240446,2997,3093,conditional on each configuration's own valid predictions; denominators differ; no test
goemotions,zero-shot,Llama 4 Scout,Phi-4,0.7267161953435712,0.7844695688710235,-0.057753373527452245,-0.08462961492700134,-0.03081462822457682,2997,2919,conditional on each configuration's own valid predictions; denominators differ; no test
goemotions,zero-shot,Llama 4 Scout,Qwen3.5 27B,0.7267161953435712,0.7861736334405145,-0.05945743809694326,-0.08763988258961594,-0.030614473725382056,2997,3110,conditional on each configuration's own valid predictions; denominators differ; no test
goemotions,zero-shot,Mistral Small 4,Phi-4,0.7698215155199891,0.7844695688710235,-0.014648053351034362,-0.04094466521149562,0.011641169055183632,3093,2919,conditional on each configuration's own valid predictions; denominators differ; no test
goemotions,zero-shot,Mistral Small 4,Qwen3.5 27B,0.7698215155199891,0.7861736334405145,-0.016352117920525377,-0.040704065663389015,0.0070578758738685495,3093,3110,conditional on each configuration's own valid predictions; denominators differ; no test
goemotions,zero-shot,Phi-4,Qwen3.5 27B,0.7844695688710235,0.7861736334405145,-0.001704064569491015,-0.022803911717836252,0.01946539706692817,2919,3110,conditional on each configuration's own valid predictions; denominators differ; no test
goemotions,zero-shot-cot,Gemma 4 31B,Llama 4 Scout,0.8173633440514468,0.7278089988123881,0.0895543452390587,0.06070452281222616,0.11886815626702396,3110,2917,conditional on each configuration's own valid predictions; denominators differ; no test
goemotions,zero-shot-cot,Gemma 4 31B,Mistral Small 4,0.8173633440514468,0.7457086933609612,0.0716546506904856,0.043583967900790624,0.1007357799180983,3110,3091,conditional on each configuration's own valid predictions; denominators differ; no test
goemotions,zero-shot-cot,Gemma 4 31B,Phi-4,0.8173633440514468,0.8093942491689399,0.007969094882506966,-0.00749904136654995,0.02383465024896519,3110,2927,conditional on each configuration's own valid predictions; denominators differ; no test
goemotions,zero-shot-cot,Gemma 4 31B,Qwen3.5 27B,0.8173633440514468,0.7897106109324759,0.027652733118970985,0.008038585209003135,0.04758842443729894,3110,3110,conditional on each configuration's own valid predictions; denominators differ; no test
goemotions,zero-shot-cot,Llama 4 Scout,Mistral Small 4,0.7278089988123881,0.7457086933609612,-0.017899694548573097,-0.04412790743650527,0.00879488461482943,2917,3091,conditional on each configuration's own valid predictions; denominators differ; no test
goemotions,zero-shot-cot,Llama 4 Scout,Phi-4,0.7278089988123881,0.8093942491689399,-0.08158525035655173,-0.10929089806068512,-0.053597457601172314,2917,2927,conditional on each configuration's own valid predictions; denominators differ; no test
goemotions,zero-shot-cot,Llama 4 Scout,Qwen3.5 27B,0.7278089988123881,0.7897106109324759,-0.06190161212008771,-0.08829463681107613,-0.03487767661930303,2917,3110,conditional on each configuration's own valid predictions; denominators differ; no test
goemotions,zero-shot-cot,Mistral Small 4,Phi-4,0.7457086933609612,0.8093942491689399,-0.06368555580797863,-0.09247101611025085,-0.03591696161188285,3091,2927,conditional on each configuration's own valid predictions; denominators differ; no test
goemotions,zero-shot-cot,Mistral Small 4,Qwen3.5 27B,0.7457086933609612,0.7897106109324759,-0.044001917571514615,-0.07093897996503705,-0.01738909254736764,3091,3110,conditional on each configuration's own valid predictions; denominators differ; no test
goemotions,zero-shot-cot,Phi-4,Qwen3.5 27B,0.8093942491689399,0.7897106109324759,0.01968363823646402,-0.0028824496137984683,0.042226408215018815,2927,3110,conditional on each configuration's own valid predictions; denominators differ; no test
goemotions,one-shot-cot,Gemma 4 31B,Llama 4 Scout,0.815024251237924,0.7670948607782752,0.047929390459648835,0.023694460089449133,0.07259157685542858,3103,2967,conditional on each configuration's own valid predictions; denominators differ; no test
goemotions,one-shot-cot,Gemma 4 31B,Mistral Small 4,0.815024251237924,0.7859915270404414,0.029032724197482596,0.007692104740670516,0.05008800353902369,3103,3098,conditional on each configuration's own valid predictions; denominators differ; no test
goemotions,one-shot-cot,Gemma 4 31B,Phi-4,0.815024251237924,0.801109875173576,0.013914376064347977,-0.004253328016225161,0.032616232408519796,3103,2611,conditional on each configuration's own valid predictions; denominators differ; no test
goemotions,one-shot-cot,Gemma 4 31B,Qwen3.5 27B,0.815024251237924,0.7725806451612903,0.042443606076633666,0.019784930941704547,0.06592652357583155,3103,3100,conditional on each configuration's own valid predictions; denominators differ; no test
goemotions,one-shot-cot,Llama 4 Scout,Mistral Small 4,0.7670948607782752,0.7859915270404414,-0.01889666626216624,-0.043545356981341606,0.004751105345993875,2967,3098,conditional on each configuration's own valid predictions; denominators differ; no test
goemotions,one-shot-cot,Llama 4 Scout,Phi-4,0.7670948607782752,0.801109875173576,-0.03401501439530086,-0.05842607224494388,-0.009356404891814728,2967,2611,conditional on each configuration's own valid predictions; denominators differ; no test
goemotions,one-shot-cot,Llama 4 Scout,Qwen3.5 27B,0.7670948607782752,0.7725806451612903,-0.005485784383015169,-0.032179038342961055,0.02186246727929207,2967,3100,conditional on each configuration's own valid predictions; denominators differ; no test
goemotions,one-shot-cot,Mistral Small 4,Phi-4,0.7859915270404414,0.801109875173576,-0.015118348133134618,-0.03879491100924517,0.009258102832366645,3098,2611,conditional on each configuration's own valid predictions; denominators differ; no test
goemotions,one-shot-cot,Mistral Small 4,Qwen3.5 27B,0.7859915270404414,0.7725806451612903,0.013410881879151071,-0.009827012550100519,0.03627681908263036,3098,3100,conditional on each configuration's own valid predictions; denominators differ; no test
goemotions,one-shot-cot,Phi-4,Qwen3.5 27B,0.801109875173576,0.7725806451612903,0.02852923001228569,0.001180702054549955,0.05646890012298409,2611,3100,conditional on each configuration's own valid predictions; denominators differ; no test
