dataset,family,metric,strategy,model_A,model_B,n_items,A_value,B_value,diff_A_minus_B,ci_low,ci_high,p_perm,direction,p_holm,holm_significant_0.05,family_size
dreaddit,RQ1-primary-dreaddit,acc_eff,zero-shot,Gemma 4 31B,Llama 4 Scout,699,0.6932761087267524,0.7296137339055795,-0.036337625178827104,-0.06952789699570805,-0.004856938483547884,0.029997000299970003,B higher,0.53994600539946,False,60
dreaddit,RQ1-primary-dreaddit,macro_f1,zero-shot,Gemma 4 31B,Llama 4 Scout,699,0.6747885609092774,0.7519102169805155,-0.07712165607123811,-0.11052390614648985,-0.045268774748875446,9.999000099990002e-05,B higher,0.005999400059994001,True,60
dreaddit,RQ1-primary-dreaddit,acc_eff,zero-shot,Gemma 4 31B,Mistral Small 4,699,0.6932761087267524,0.6861230329041488,0.007153075822603605,-0.012017167381974225,0.026609442060085864,0.48325167483251674,A higher,1.0,False,60
dreaddit,RQ1-primary-dreaddit,macro_f1,zero-shot,Gemma 4 31B,Mistral Small 4,699,0.6747885609092774,0.665674216808337,0.009114344100940364,-0.012816707062538818,0.031638309850106336,0.42215778422157785,A higher,1.0,False,60
dreaddit,RQ1-primary-dreaddit,acc_eff,zero-shot,Gemma 4 31B,Phi-4,699,0.6932761087267524,0.7221745350500717,-0.028898426323319293,-0.056938483547925633,-0.0008512160228896605,0.046995300469953004,B higher,0.704929507049295,False,60
dreaddit,RQ1-primary-dreaddit,macro_f1,zero-shot,Gemma 4 31B,Phi-4,699,0.6747885609092774,0.7438704558724477,-0.0690818949631703,-0.09757742978051197,-0.040876106784638766,9.999000099990002e-05,B higher,0.005999400059994001,True,60
dreaddit,RQ1-primary-dreaddit,acc_eff,zero-shot,Gemma 4 31B,Qwen3.5 27B,699,0.6932761087267524,0.6909871244635193,0.002288984263233096,-0.017746781115880055,0.021745350500715355,0.8486151384861513,A higher,1.0,False,60
dreaddit,RQ1-primary-dreaddit,macro_f1,zero-shot,Gemma 4 31B,Qwen3.5 27B,699,0.6747885609092774,0.6742359990721312,0.0005525618371462482,-0.02252951711912937,0.022725874594163396,0.9626037396260374,A higher,1.0,False,60
dreaddit,RQ1-primary-dreaddit,acc_eff,zero-shot,Llama 4 Scout,Mistral Small 4,699,0.7296137339055795,0.6861230329041488,0.04349070100143071,0.010586552217453526,0.0769742489270387,0.0091990800919908,A higher,0.21157884211578842,False,60
dreaddit,RQ1-primary-dreaddit,macro_f1,zero-shot,Llama 4 Scout,Mistral Small 4,699,0.7519102169805155,0.665674216808337,0.08623600017217847,0.052664598528009636,0.12037185803328487,9.999000099990002e-05,A higher,0.005999400059994001,True,60
dreaddit,RQ1-primary-dreaddit,acc_eff,zero-shot,Llama 4 Scout,Phi-4,699,0.7296137339055795,0.7221745350500717,0.0074391988555078115,-0.014306151645207432,0.028047210300429407,0.5025497450254974,A higher,1.0,False,60
dreaddit,RQ1-primary-dreaddit,macro_f1,zero-shot,Llama 4 Scout,Phi-4,699,0.7519102169805155,0.7438704558724477,0.008039761108067811,-0.013958910507608677,0.029274238408799867,0.44665533446655337,A higher,1.0,False,60
dreaddit,RQ1-primary-dreaddit,acc_eff,zero-shot,Llama 4 Scout,Qwen3.5 27B,699,0.7296137339055795,0.6909871244635193,0.0386266094420602,0.006294706723891319,0.07238912732474956,0.025297470252974703,A higher,0.48395160483951605,False,60
dreaddit,RQ1-primary-dreaddit,macro_f1,zero-shot,Llama 4 Scout,Qwen3.5 27B,699,0.7519102169805155,0.6742359990721312,0.07767421790838436,0.04464582735049496,0.11169495952492618,9.999000099990002e-05,A higher,0.005999400059994001,True,60
dreaddit,RQ1-primary-dreaddit,acc_eff,zero-shot,Mistral Small 4,Phi-4,699,0.6861230329041488,0.7221745350500717,-0.0360515021459229,-0.06381258941344785,-0.008004291845493488,0.012098790120987902,B higher,0.26617338266173385,False,60
dreaddit,RQ1-primary-dreaddit,macro_f1,zero-shot,Mistral Small 4,Phi-4,699,0.665674216808337,0.7438704558724477,-0.07819623906411066,-0.10651264472410528,-0.05098972711148097,9.999000099990002e-05,B higher,0.005999400059994001,True,60
dreaddit,RQ1-primary-dreaddit,acc_eff,zero-shot,Mistral Small 4,Qwen3.5 27B,699,0.6861230329041488,0.6909871244635193,-0.004864091559370509,-0.02832618025751077,0.017739628040057246,0.702929707029297,B higher,1.0,False,60
dreaddit,RQ1-primary-dreaddit,macro_f1,zero-shot,Mistral Small 4,Qwen3.5 27B,699,0.665674216808337,0.6742359990721312,-0.008561782263794115,-0.035017874026623146,0.017299260652985846,0.5246475352464753,B higher,1.0,False,60
dreaddit,RQ1-primary-dreaddit,acc_eff,zero-shot,Phi-4,Qwen3.5 27B,699,0.7221745350500717,0.6909871244635193,0.03118741058655239,0.002288984263233207,0.06123032904148784,0.03799620037996201,A higher,0.6459354064593541,False,60
dreaddit,RQ1-primary-dreaddit,macro_f1,zero-shot,Phi-4,Qwen3.5 27B,699,0.7438704558724477,0.6742359990721312,0.06963445680031655,0.04101370021050188,0.09967278347030459,9.999000099990002e-05,A higher,0.005999400059994001,True,60
dreaddit,RQ1-primary-dreaddit,acc_eff,zero-shot-cot,Gemma 4 31B,Llama 4 Scout,699,0.6746781115879829,0.7330472103004293,-0.05836909871244644,-0.0875536480686695,-0.029184549356223163,0.00019998000199980003,B higher,0.006599340065993401,True,60
dreaddit,RQ1-primary-dreaddit,macro_f1,zero-shot-cot,Gemma 4 31B,Llama 4 Scout,699,0.6503384882210532,0.742368908497946,-0.09203042027689279,-0.12254569975345705,-0.06157715472972023,9.999000099990002e-05,B higher,0.005999400059994001,True,60
dreaddit,RQ1-primary-dreaddit,acc_eff,zero-shot-cot,Gemma 4 31B,Mistral Small 4,699,0.6746781115879829,0.6609442060085837,0.01373390557939913,-0.005722460658083017,0.033476394849785374,0.1942805719428057,A higher,1.0,False,60
dreaddit,RQ1-primary-dreaddit,macro_f1,zero-shot-cot,Gemma 4 31B,Mistral Small 4,699,0.6503384882210532,0.6311545867466248,0.01918390147442839,-0.004340556988661315,0.04322525456478357,0.1282871712828717,A higher,1.0,False,60
dreaddit,RQ1-primary-dreaddit,acc_eff,zero-shot-cot,Gemma 4 31B,Phi-4,699,0.6746781115879829,0.7001430615164521,-0.02546494992846926,-0.047210300429184615,-0.0042918454935620964,0.024197580241975804,B higher,0.48395160483951605,False,60
dreaddit,RQ1-primary-dreaddit,macro_f1,zero-shot-cot,Gemma 4 31B,Phi-4,699,0.6503384882210532,0.6963668366379043,-0.046028348416851106,-0.06983485013572531,-0.02272313541640744,0.00039996000399960006,B higher,0.011998800119988003,True,60
dreaddit,RQ1-primary-dreaddit,acc_eff,zero-shot-cot,Gemma 4 31B,Qwen3.5 27B,699,0.6746781115879829,0.6022889842632331,0.07238912732474978,0.047782546494992806,0.09756795422031472,9.999000099990002e-05,A higher,0.005999400059994001,True,60
dreaddit,RQ1-primary-dreaddit,macro_f1,zero-shot-cot,Gemma 4 31B,Qwen3.5 27B,699,0.6503384882210532,0.5982581549774357,0.052080333243617494,0.023813411092915914,0.0806882253799625,0.00019998000199980003,A higher,0.006599340065993401,True,60
dreaddit,RQ1-primary-dreaddit,acc_eff,zero-shot-cot,Llama 4 Scout,Mistral Small 4,699,0.7330472103004293,0.6609442060085837,0.07210300429184557,0.0406294706723892,0.10414878397711014,9.999000099990002e-05,A higher,0.005999400059994001,True,60
dreaddit,RQ1-primary-dreaddit,macro_f1,zero-shot-cot,Llama 4 Scout,Mistral Small 4,699,0.742368908497946,0.6311545867466248,0.11121432175132118,0.0796839429450311,0.1443665332629133,9.999000099990002e-05,A higher,0.005999400059994001,True,60
dreaddit,RQ1-primary-dreaddit,acc_eff,zero-shot-cot,Llama 4 Scout,Phi-4,699,0.7330472103004293,0.7001430615164521,0.03290414878397718,0.00972818311874113,0.05579399141630892,0.005599440055994401,A higher,0.14558544145585442,False,60
dreaddit,RQ1-primary-dreaddit,macro_f1,zero-shot-cot,Llama 4 Scout,Phi-4,699,0.742368908497946,0.6963668366379043,0.04600207186004168,0.022556618399293033,0.06919411921390645,0.00039996000399960006,A higher,0.011998800119988003,True,60
dreaddit,RQ1-primary-dreaddit,acc_eff,zero-shot-cot,Llama 4 Scout,Qwen3.5 27B,699,0.7330472103004293,0.6022889842632331,0.13075822603719622,0.09584406294706721,0.16680972818311857,9.999000099990002e-05,A higher,0.005999400059994001,True,60
dreaddit,RQ1-primary-dreaddit,macro_f1,zero-shot-cot,Llama 4 Scout,Qwen3.5 27B,699,0.742368908497946,0.5982581549774357,0.14411075352051028,0.10779041459811826,0.18163378203429992,9.999000099990002e-05,A higher,0.005999400059994001,True,60
dreaddit,RQ1-primary-dreaddit,acc_eff,zero-shot-cot,Mistral Small 4,Phi-4,699,0.6609442060085837,0.7001430615164521,-0.03919885550786839,-0.06208869814020035,-0.016874105865521998,0.0014998500149985001,B higher,0.041995800419958006,True,60
dreaddit,RQ1-primary-dreaddit,macro_f1,zero-shot-cot,Mistral Small 4,Phi-4,699,0.6311545867466248,0.6963668366379043,-0.0652122498912795,-0.09052180382435861,-0.041251058765881456,9.999000099990002e-05,B higher,0.005999400059994001,True,60
dreaddit,RQ1-primary-dreaddit,acc_eff,zero-shot-cot,Mistral Small 4,Qwen3.5 27B,699,0.6609442060085837,0.6022889842632331,0.05865522174535065,0.03318311874105846,0.0844062947067239,9.999000099990002e-05,A higher,0.005999400059994001,True,60
dreaddit,RQ1-primary-dreaddit,macro_f1,zero-shot-cot,Mistral Small 4,Qwen3.5 27B,699,0.6311545867466248,0.5982581549774357,0.032896431769189105,0.0009485094224258087,0.06528736853705117,0.043195680431956804,A higher,0.6911308869113089,False,60
dreaddit,RQ1-primary-dreaddit,acc_eff,zero-shot-cot,Phi-4,Qwen3.5 27B,699,0.7001430615164521,0.6022889842632331,0.09785407725321904,0.07067238912732476,0.12590128755364813,9.999000099990002e-05,A higher,0.005999400059994001,True,60
dreaddit,RQ1-primary-dreaddit,macro_f1,zero-shot-cot,Phi-4,Qwen3.5 27B,699,0.6963668366379043,0.5982581549774357,0.0981086816604686,0.06833762750455835,0.1290361255430177,9.999000099990002e-05,A higher,0.005999400059994001,True,60
dreaddit,RQ1-primary-dreaddit,acc_eff,one-shot-cot,Gemma 4 31B,Llama 4 Scout,699,0.6755364806866953,0.7502145922746781,-0.07467811158798288,-0.10643776824034334,-0.0429184549356223,9.999000099990002e-05,B higher,0.005999400059994001,True,60
dreaddit,RQ1-primary-dreaddit,macro_f1,one-shot-cot,Gemma 4 31B,Llama 4 Scout,699,0.6509535051638565,0.7509902471599942,-0.10003674199613766,-0.13200126149345393,-0.06808443616674839,9.999000099990002e-05,B higher,0.005999400059994001,True,60
dreaddit,RQ1-primary-dreaddit,acc_eff,one-shot-cot,Gemma 4 31B,Mistral Small 4,699,0.6755364806866953,0.6735336194563663,0.0020028612303290005,-0.015736766809728242,0.02002861230329034,0.8616138386161384,A higher,1.0,False,60
dreaddit,RQ1-primary-dreaddit,macro_f1,one-shot-cot,Gemma 4 31B,Mistral Small 4,699,0.6509535051638565,0.6480665528019267,0.0028869523619298176,-0.01800901539238524,0.023641257398703687,0.8025197480251974,A higher,1.0,False,60
dreaddit,RQ1-primary-dreaddit,acc_eff,one-shot-cot,Gemma 4 31B,Phi-4,699,0.6755364806866953,0.7298998569384836,-0.05436337625178833,-0.08125894134477829,-0.02860515021459224,0.00019998000199980003,B higher,0.006599340065993401,True,60
dreaddit,RQ1-primary-dreaddit,macro_f1,one-shot-cot,Gemma 4 31B,Phi-4,699,0.6509535051638565,0.7302289816890731,-0.0792754765252166,-0.10646668570532172,-0.052178203239710466,9.999000099990002e-05,B higher,0.005999400059994001,True,60
dreaddit,RQ1-primary-dreaddit,acc_eff,one-shot-cot,Gemma 4 31B,Qwen3.5 27B,699,0.6755364806866953,0.6474964234620887,0.028040057224606563,0.008011444921316224,0.04835479256080122,0.007899210078992101,A higher,0.18958104189581043,False,60
dreaddit,RQ1-primary-dreaddit,macro_f1,one-shot-cot,Gemma 4 31B,Qwen3.5 27B,699,0.6509535051638565,0.6104690746345106,0.040484430529345916,0.016031615603998663,0.06582153256736138,0.0026997300269973002,A higher,0.07289271072892711,False,60
dreaddit,RQ1-primary-dreaddit,acc_eff,one-shot-cot,Llama 4 Scout,Mistral Small 4,699,0.7502145922746781,0.6735336194563663,0.07668097281831188,0.04492131616595141,0.10902002861230338,9.999000099990002e-05,A higher,0.005999400059994001,True,60
dreaddit,RQ1-primary-dreaddit,macro_f1,one-shot-cot,Llama 4 Scout,Mistral Small 4,699,0.7509902471599942,0.6480665528019267,0.10292369435806747,0.07124916265138255,0.13474052657992974,9.999000099990002e-05,A higher,0.005999400059994001,True,60
dreaddit,RQ1-primary-dreaddit,acc_eff,one-shot-cot,Llama 4 Scout,Phi-4,699,0.7502145922746781,0.7298998569384836,0.020314735336194545,-0.0017167381974249052,0.0420600858369099,0.07339266073392661,A higher,0.9541045895410459,False,60
dreaddit,RQ1-primary-dreaddit,macro_f1,one-shot-cot,Llama 4 Scout,Phi-4,699,0.7509902471599942,0.7302289816890731,0.020761265470921053,-0.0014797364683332916,0.04275203937823764,0.0678932106789321,A higher,0.9505049495050494,False,60
dreaddit,RQ1-primary-dreaddit,acc_eff,one-shot-cot,Llama 4 Scout,Qwen3.5 27B,699,0.7502145922746781,0.6474964234620887,0.10271816881258944,0.06694563662374804,0.1376251788268955,9.999000099990002e-05,A higher,0.005999400059994001,True,60
dreaddit,RQ1-primary-dreaddit,macro_f1,one-shot-cot,Llama 4 Scout,Qwen3.5 27B,699,0.7509902471599942,0.6104690746345106,0.14052117252548357,0.10354249283619608,0.1784321186769661,9.999000099990002e-05,A higher,0.005999400059994001,True,60
dreaddit,RQ1-primary-dreaddit,acc_eff,one-shot-cot,Mistral Small 4,Phi-4,699,0.6735336194563663,0.7298998569384836,-0.05636623748211733,-0.0829756795422032,-0.030042918454935563,9.999000099990002e-05,B higher,0.005999400059994001,True,60
dreaddit,RQ1-primary-dreaddit,macro_f1,one-shot-cot,Mistral Small 4,Phi-4,699,0.6480665528019267,0.7302289816890731,-0.08216242888714642,-0.10976316841767705,-0.054915076614187736,9.999000099990002e-05,B higher,0.005999400059994001,True,60
dreaddit,RQ1-primary-dreaddit,acc_eff,one-shot-cot,Mistral Small 4,Qwen3.5 27B,699,0.6735336194563663,0.6474964234620887,0.026037195994277562,0.004577968526466414,0.04835479256080111,0.0217978202179782,A higher,0.4577542245775422,False,60
dreaddit,RQ1-primary-dreaddit,macro_f1,one-shot-cot,Mistral Small 4,Qwen3.5 27B,699,0.6480665528019267,0.6104690746345106,0.0375974781674161,0.010251966381329258,0.0650181083440091,0.006999300069993001,A higher,0.17498250174982502,False,60
dreaddit,RQ1-primary-dreaddit,acc_eff,one-shot-cot,Phi-4,Qwen3.5 27B,699,0.7298998569384836,0.6474964234620887,0.0824034334763949,0.05321888412017162,0.11330472103004297,9.999000099990002e-05,A higher,0.005999400059994001,True,60
dreaddit,RQ1-primary-dreaddit,macro_f1,one-shot-cot,Phi-4,Qwen3.5 27B,699,0.7302289816890731,0.6104690746345106,0.11975990705456252,0.08908685748290054,0.15252057155162518,9.999000099990002e-05,A higher,0.005999400059994001,True,60
goemotions,RQ1-primary-goemotions,acc_eff,zero-shot,Gemma 4 31B,Llama 4 Scout,622,0.8196141479099678,0.7003215434083601,0.11929260450160772,0.0903536977491961,0.14983922829581997,9.999000099990002e-05,A higher,0.005999400059994001,True,60
goemotions,RQ1-primary-goemotions,macro_f1,zero-shot,Gemma 4 31B,Llama 4 Scout,622,0.593168632243216,0.520165100110112,0.07300353213310407,-0.013367888745838514,0.1453200114786574,0.027097290270972903,A higher,0.9179082091790821,False,60
goemotions,RQ1-primary-goemotions,acc_eff,zero-shot,Gemma 4 31B,Mistral Small 4,622,0.8196141479099678,0.7655948553054662,0.054019292604501556,0.02829581993569141,0.07942926045016106,9.999000099990002e-05,A higher,0.005999400059994001,True,60
goemotions,RQ1-primary-goemotions,macro_f1,zero-shot,Gemma 4 31B,Mistral Small 4,622,0.593168632243216,0.5614821010467994,0.03168653119641662,-0.029169602128290596,0.08823566938313225,0.2623737626237376,A higher,1.0,False,60
goemotions,RQ1-primary-goemotions,acc_eff,zero-shot,Gemma 4 31B,Phi-4,622,0.8196141479099678,0.7363344051446945,0.08327974276527328,0.06366559485530543,0.10353697749196134,9.999000099990002e-05,A higher,0.005999400059994001,True,60
goemotions,RQ1-primary-goemotions,macro_f1,zero-shot,Gemma 4 31B,Phi-4,622,0.593168632243216,0.5342167475629713,0.058951884680244704,0.002940743178293544,0.1128868909348562,0.0211978802119788,A higher,0.7419258074192581,False,60
goemotions,RQ1-primary-goemotions,acc_eff,zero-shot,Gemma 4 31B,Qwen3.5 27B,622,0.8196141479099678,0.7861736334405145,0.033440514469453286,0.014790996784565968,0.05241157556270104,0.0005999400059994001,A higher,0.023997600239976002,True,60
goemotions,RQ1-primary-goemotions,macro_f1,zero-shot,Gemma 4 31B,Qwen3.5 27B,622,0.593168632243216,0.5723065392144198,0.02086209302879627,-0.017534879775355804,0.05843204630920229,0.25007499250074994,A higher,1.0,False,60
goemotions,RQ1-primary-goemotions,acc_eff,zero-shot,Llama 4 Scout,Mistral Small 4,622,0.7003215434083601,0.7655948553054662,-0.06527331189710617,-0.09325562700964647,-0.03665594855305465,0.00019998000199980003,B higher,0.009199080091990802,True,60
goemotions,RQ1-primary-goemotions,macro_f1,zero-shot,Llama 4 Scout,Mistral Small 4,622,0.520165100110112,0.5614821010467994,-0.04131700093668744,-0.09705804831585683,0.01721289795626505,0.09659034096590341,B higher,1.0,False,60
goemotions,RQ1-primary-goemotions,acc_eff,zero-shot,Llama 4 Scout,Phi-4,622,0.7003215434083601,0.7363344051446945,-0.036012861736334445,-0.06366559485530554,-0.009003215434083663,0.012398760123987601,B higher,0.44635536446355367,False,60
goemotions,RQ1-primary-goemotions,macro_f1,zero-shot,Llama 4 Scout,Phi-4,622,0.520165100110112,0.5342167475629713,-0.014051647452859362,-0.06928479244981872,0.047674509619250745,0.6125387461253875,B higher,1.0,False,60
goemotions,RQ1-primary-goemotions,acc_eff,zero-shot,Llama 4 Scout,Qwen3.5 27B,622,0.7003215434083601,0.7861736334405145,-0.08585209003215444,-0.11575562700964626,-0.05594855305466251,9.999000099990002e-05,B higher,0.005999400059994001,True,60
goemotions,RQ1-primary-goemotions,macro_f1,zero-shot,Llama 4 Scout,Qwen3.5 27B,622,0.520165100110112,0.5723065392144198,-0.052141439104307796,-0.1204350058217241,0.03054527768871733,0.09559044095590441,B higher,1.0,False,60
goemotions,RQ1-primary-goemotions,acc_eff,zero-shot,Mistral Small 4,Phi-4,622,0.7655948553054662,0.7363344051446945,0.029260450160771723,0.0019292604501607302,0.05627009646302261,0.0342965703429657,A higher,1.0,False,60
goemotions,RQ1-primary-goemotions,macro_f1,zero-shot,Mistral Small 4,Phi-4,622,0.5614821010467994,0.5342167475629713,0.02726535348382808,-0.021481691332497447,0.07729483744669083,0.2996700329967003,A higher,1.0,False,60
goemotions,RQ1-primary-goemotions,acc_eff,zero-shot,Mistral Small 4,Qwen3.5 27B,622,0.7655948553054662,0.7861736334405145,-0.02057877813504827,-0.04565916398713821,0.002901929260450288,0.10278972102789721,B higher,1.0,False,60
goemotions,RQ1-primary-goemotions,macro_f1,zero-shot,Mistral Small 4,Qwen3.5 27B,622,0.5614821010467994,0.5723065392144198,-0.010824438167620354,-0.06335683779280332,0.04383999216428392,0.6763323667633236,B higher,1.0,False,60
goemotions,RQ1-primary-goemotions,acc_eff,zero-shot,Phi-4,Qwen3.5 27B,622,0.7363344051446945,0.7861736334405145,-0.04983922829581999,-0.07234726688102877,-0.02733118971061088,0.00019998000199980003,B higher,0.009199080091990802,True,60
goemotions,RQ1-primary-goemotions,macro_f1,zero-shot,Phi-4,Qwen3.5 27B,622,0.5342167475629713,0.5723065392144198,-0.038089791651448435,-0.09074261144635717,0.013059069861353762,0.1471852814718528,B higher,1.0,False,60
goemotions,RQ1-primary-goemotions,acc_eff,zero-shot-cot,Gemma 4 31B,Llama 4 Scout,622,0.8173633440514468,0.682636655948553,0.1347266881028938,0.10450160771704176,0.1656028938906754,9.999000099990002e-05,A higher,0.005999400059994001,True,60
goemotions,RQ1-primary-goemotions,macro_f1,zero-shot-cot,Gemma 4 31B,Llama 4 Scout,622,0.5832331018745835,0.529616441250114,0.05361666062446957,-0.036339561872868825,0.1275674920081988,0.1326867313268673,A higher,1.0,False,60
goemotions,RQ1-primary-goemotions,acc_eff,zero-shot-cot,Gemma 4 31B,Mistral Small 4,622,0.8173633440514468,0.7411575562700965,0.07620578778135034,0.047266881028939056,0.10546623794212218,9.999000099990002e-05,A higher,0.005999400059994001,True,60
goemotions,RQ1-primary-goemotions,macro_f1,zero-shot-cot,Gemma 4 31B,Mistral Small 4,622,0.5832331018745835,0.5357184554442762,0.04751464643030734,-0.021893369458789967,0.11373803548766204,0.14678532146785322,A higher,1.0,False,60
goemotions,RQ1-primary-goemotions,acc_eff,zero-shot-cot,Gemma 4 31B,Phi-4,622,0.8173633440514468,0.7617363344051447,0.055627009646302183,0.03729903536977508,0.07396302250803875,9.999000099990002e-05,A higher,0.005999400059994001,True,60
goemotions,RQ1-primary-goemotions,macro_f1,zero-shot-cot,Gemma 4 31B,Phi-4,622,0.5832331018745835,0.5634450672424287,0.01978803463215484,-0.03142475553521194,0.06992673508307454,0.42125787421257876,A higher,1.0,False,60
goemotions,RQ1-primary-goemotions,acc_eff,zero-shot-cot,Gemma 4 31B,Qwen3.5 27B,622,0.8173633440514468,0.7897106109324759,0.027652733118970985,0.008038585209003135,0.04758842443729894,0.007599240075992401,A higher,0.2963703629637036,False,60
goemotions,RQ1-primary-goemotions,macro_f1,zero-shot-cot,Gemma 4 31B,Qwen3.5 27B,622,0.5832331018745835,0.5792887817555722,0.0039443201190113575,-0.03327517991120241,0.04178947615716098,0.8333166683331666,A higher,1.0,False,60
goemotions,RQ1-primary-goemotions,acc_eff,zero-shot-cot,Llama 4 Scout,Mistral Small 4,622,0.682636655948553,0.7411575562700965,-0.058520900321543445,-0.08713826366559474,-0.028617363344051405,0.00029997000299970003,B higher,0.012898710128987101,True,60
goemotions,RQ1-primary-goemotions,macro_f1,zero-shot-cot,Llama 4 Scout,Mistral Small 4,622,0.529616441250114,0.5357184554442762,-0.006102014194162231,-0.05934591320695535,0.04827098983046145,0.8053194680531947,B higher,1.0,False,60
goemotions,RQ1-primary-goemotions,acc_eff,zero-shot-cot,Llama 4 Scout,Phi-4,622,0.682636655948553,0.7617363344051447,-0.0790996784565916,-0.10771704180064312,-0.04983922829581988,9.999000099990002e-05,B higher,0.005999400059994001,True,60
goemotions,RQ1-primary-goemotions,macro_f1,zero-shot-cot,Llama 4 Scout,Phi-4,622,0.529616441250114,0.5634450672424287,-0.03382862599231473,-0.09031768424114407,0.02986096914549628,0.22777722227777222,B higher,1.0,False,60
goemotions,RQ1-primary-goemotions,acc_eff,zero-shot-cot,Llama 4 Scout,Qwen3.5 27B,622,0.682636655948553,0.7897106109324759,-0.1070739549839228,-0.13762861736334406,-0.0784565916398714,9.999000099990002e-05,B higher,0.005999400059994001,True,60
goemotions,RQ1-primary-goemotions,macro_f1,zero-shot-cot,Llama 4 Scout,Qwen3.5 27B,622,0.529616441250114,0.5792887817555722,-0.04967234050545821,-0.12336240957573473,0.03627289221398934,0.1456854314568543,B higher,1.0,False,60
goemotions,RQ1-primary-goemotions,acc_eff,zero-shot-cot,Mistral Small 4,Phi-4,622,0.7411575562700965,0.7617363344051447,-0.02057877813504816,-0.051125401929260406,0.008689710610932589,0.18498150184981502,B higher,1.0,False,60
goemotions,RQ1-primary-goemotions,macro_f1,zero-shot-cot,Mistral Small 4,Phi-4,622,0.5357184554442762,0.5634450672424287,-0.0277266117981525,-0.07296445947567748,0.022322882372188633,0.2999700029997,B higher,1.0,False,60
goemotions,RQ1-primary-goemotions,acc_eff,zero-shot-cot,Mistral Small 4,Qwen3.5 27B,622,0.7411575562700965,0.7897106109324759,-0.04855305466237936,-0.07588424437299035,-0.022186495176848783,0.00039996000399960006,B higher,0.016798320167983202,True,60
goemotions,RQ1-primary-goemotions,macro_f1,zero-shot-cot,Mistral Small 4,Qwen3.5 27B,622,0.5357184554442762,0.5792887817555722,-0.04357032631129598,-0.10135174900861703,0.020697534776074243,0.13588641135886412,B higher,1.0,False,60
goemotions,RQ1-primary-goemotions,acc_eff,zero-shot-cot,Phi-4,Qwen3.5 27B,622,0.7617363344051447,0.7897106109324759,-0.0279742765273312,-0.05209807073955004,-0.004180064308681675,0.026997300269973004,B higher,0.9179082091790821,False,60
goemotions,RQ1-primary-goemotions,macro_f1,zero-shot-cot,Phi-4,Qwen3.5 27B,622,0.5634450672424287,0.5792887817555722,-0.01584371451314348,-0.06307410845076192,0.030618399458779633,0.5216478352164784,B higher,1.0,False,60
goemotions,RQ1-primary-goemotions,acc_eff,one-shot-cot,Gemma 4 31B,Llama 4 Scout,622,0.8131832797427652,0.7318327974276527,0.08135048231511244,0.05498392282958198,0.10900321543408364,9.999000099990002e-05,A higher,0.005999400059994001,True,60
goemotions,RQ1-primary-goemotions,macro_f1,one-shot-cot,Gemma 4 31B,Llama 4 Scout,622,0.5852249796240192,0.5442734655323482,0.04095151409167097,-0.035671313489615226,0.10548407673039467,0.2094790520947905,A higher,1.0,False,60
goemotions,RQ1-primary-goemotions,acc_eff,one-shot-cot,Gemma 4 31B,Mistral Small 4,622,0.8131832797427652,0.7829581993569132,0.03022508038585192,0.008681672025723453,0.05144694533762051,0.007899210078992101,A higher,0.30016998300169984,False,60
goemotions,RQ1-primary-goemotions,macro_f1,one-shot-cot,Gemma 4 31B,Mistral Small 4,622,0.5852249796240192,0.5939915303053398,-0.008766550681320595,-0.06697647952368102,0.04547289553029049,0.7415258474152585,B higher,1.0,False,60
goemotions,RQ1-primary-goemotions,acc_eff,one-shot-cot,Gemma 4 31B,Phi-4,622,0.8131832797427652,0.6729903536977492,0.140192926045016,0.12057877813504825,0.16012861736334416,9.999000099990002e-05,A higher,0.005999400059994001,True,60
goemotions,RQ1-primary-goemotions,macro_f1,one-shot-cot,Gemma 4 31B,Phi-4,622,0.5852249796240192,0.5405767162372718,0.04464826338674743,-0.0014120012177402323,0.09367017029028832,0.07189281071892811,A higher,1.0,False,60
goemotions,RQ1-primary-goemotions,acc_eff,one-shot-cot,Gemma 4 31B,Qwen3.5 27B,622,0.8131832797427652,0.770096463022508,0.04308681672025716,0.020257234726687945,0.06655948553054669,0.00019998000199980003,A higher,0.009199080091990802,True,60
goemotions,RQ1-primary-goemotions,macro_f1,one-shot-cot,Gemma 4 31B,Qwen3.5 27B,622,0.5852249796240192,0.5672938901060525,0.017931089517966736,-0.025860031015251313,0.061104924242292996,0.3962603739626037,A higher,1.0,False,60
goemotions,RQ1-primary-goemotions,acc_eff,one-shot-cot,Llama 4 Scout,Mistral Small 4,622,0.7318327974276527,0.7829581993569132,-0.05112540192926052,-0.0787781350482315,-0.024758842443729834,0.00039996000399960006,B higher,0.016798320167983202,True,60
goemotions,RQ1-primary-goemotions,macro_f1,one-shot-cot,Llama 4 Scout,Mistral Small 4,622,0.5442734655323482,0.5939915303053398,-0.049718064772991566,-0.11292201783070041,0.0222275495473413,0.0846915308469153,B higher,1.0,False,60
goemotions,RQ1-primary-goemotions,acc_eff,one-shot-cot,Llama 4 Scout,Phi-4,622,0.7318327974276527,0.6729903536977492,0.05884244372990355,0.03279742765273319,0.08520900321543401,9.999000099990002e-05,A higher,0.005999400059994001,True,60
goemotions,RQ1-primary-goemotions,macro_f1,one-shot-cot,Llama 4 Scout,Phi-4,622,0.5442734655323482,0.5405767162372718,0.0036967492950764624,-0.051642773015077005,0.06970472367436024,0.905009499050095,A higher,1.0,False,60
goemotions,RQ1-primary-goemotions,acc_eff,one-shot-cot,Llama 4 Scout,Qwen3.5 27B,622,0.7318327974276527,0.770096463022508,-0.03826366559485528,-0.06816720257234721,-0.008352090032154317,0.0110988901109889,B higher,0.4106589341065893,False,60
goemotions,RQ1-primary-goemotions,macro_f1,one-shot-cot,Llama 4 Scout,Qwen3.5 27B,622,0.5442734655323482,0.5672938901060525,-0.023020424573704235,-0.08355541380487512,0.048600577910030786,0.4477552244775522,B higher,1.0,False,60
goemotions,RQ1-primary-goemotions,acc_eff,one-shot-cot,Mistral Small 4,Phi-4,622,0.7829581993569132,0.6729903536977492,0.10996784565916407,0.0848874598070739,0.1356913183279742,9.999000099990002e-05,A higher,0.005999400059994001,True,60
goemotions,RQ1-primary-goemotions,macro_f1,one-shot-cot,Mistral Small 4,Phi-4,622,0.5939915303053398,0.5405767162372718,0.05341481406806803,0.004280621088901432,0.10324137971675387,0.036896310368963105,A higher,1.0,False,60
goemotions,RQ1-primary-goemotions,acc_eff,one-shot-cot,Mistral Small 4,Qwen3.5 27B,622,0.7829581993569132,0.770096463022508,0.012861736334405238,-0.010610932475884294,0.03633440514469455,0.30086991300869914,A higher,1.0,False,60
goemotions,RQ1-primary-goemotions,macro_f1,one-shot-cot,Mistral Small 4,Qwen3.5 27B,622,0.5939915303053398,0.5672938901060525,0.02669764019928733,-0.01456875830489606,0.07237729355769051,0.22307769223077692,A higher,1.0,False,60
goemotions,RQ1-primary-goemotions,acc_eff,one-shot-cot,Phi-4,Qwen3.5 27B,622,0.6729903536977492,0.770096463022508,-0.09710610932475883,-0.12508038585209003,-0.07073954983922826,9.999000099990002e-05,B higher,0.005999400059994001,True,60
goemotions,RQ1-primary-goemotions,macro_f1,one-shot-cot,Phi-4,Qwen3.5 27B,622,0.5405767162372718,0.5672938901060525,-0.026717173868780697,-0.07177003623952277,0.01578782584059877,0.28377162283771623,B higher,1.0,False,60
