dataset,family,strategy,model_A,model_B,n_items,A_majority_correct,B_majority_correct,b_A_correct_B_wrong,c_A_wrong_B_correct,discordant,diff_majority_acc,p_exact,p_holm,holm_significant_0.05,family_size
dreaddit,RQ1-mcnemar-dreaddit,zero-shot,Gemma 4 31B,Llama 4 Scout,699,487,517,64,94,158,-0.04291845493562232,0.02075373916775371,0.22829113084529082,False,30
dreaddit,RQ1-mcnemar-dreaddit,zero-shot,Gemma 4 31B,Mistral Small 4,699,487,481,31,25,56,0.008583690987124463,0.5044037600228256,1.0,False,30
dreaddit,RQ1-mcnemar-dreaddit,zero-shot,Gemma 4 31B,Phi-4,699,487,527,50,90,140,-0.05722460658082976,0.0009131128740015814,0.014609805984025302,True,30
dreaddit,RQ1-mcnemar-dreaddit,zero-shot,Gemma 4 31B,Qwen3.5 27B,699,487,483,29,25,54,0.005722460658082976,0.6834892282353375,1.0,False,30
dreaddit,RQ1-mcnemar-dreaddit,zero-shot,Llama 4 Scout,Mistral Small 4,699,517,481,103,67,170,0.05150214592274678,0.007088323424841731,0.09923652794778423,False,30
dreaddit,RQ1-mcnemar-dreaddit,zero-shot,Llama 4 Scout,Phi-4,699,517,527,44,54,98,-0.01430615164520744,0.36335418766405314,1.0,False,30
dreaddit,RQ1-mcnemar-dreaddit,zero-shot,Llama 4 Scout,Qwen3.5 27B,699,517,483,99,65,164,0.04864091559370529,0.009756084718005828,0.12682910133407577,False,30
dreaddit,RQ1-mcnemar-dreaddit,zero-shot,Mistral Small 4,Phi-4,699,481,527,46,92,138,-0.06580829756795423,0.00011174345588505883,0.0022348691177011765,True,30
dreaddit,RQ1-mcnemar-dreaddit,zero-shot,Mistral Small 4,Qwen3.5 27B,699,481,483,39,41,80,-0.002861230329041488,0.9110721212260928,1.0,False,30
dreaddit,RQ1-mcnemar-dreaddit,zero-shot,Phi-4,Qwen3.5 27B,699,527,483,93,49,142,0.06294706723891273,0.0002781782128207491,0.004729029617952735,True,30
dreaddit,RQ1-mcnemar-dreaddit,zero-shot-cot,Gemma 4 31B,Llama 4 Scout,699,470,521,47,98,145,-0.07296137339055794,2.7552798008747868e-05,0.0006391727526364203,True,30
dreaddit,RQ1-mcnemar-dreaddit,zero-shot-cot,Gemma 4 31B,Mistral Small 4,699,470,462,38,30,68,0.011444921316165951,0.39612484029702977,1.0,False,30
dreaddit,RQ1-mcnemar-dreaddit,zero-shot-cot,Gemma 4 31B,Phi-4,699,470,492,35,57,92,-0.031473533619456366,0.02801690195894669,0.2801690195894669,False,30
dreaddit,RQ1-mcnemar-dreaddit,zero-shot-cot,Gemma 4 31B,Qwen3.5 27B,699,470,422,70,22,92,0.06866952789699571,5.348143171041869e-07,1.4439986561813045e-05,True,30
dreaddit,RQ1-mcnemar-dreaddit,zero-shot-cot,Llama 4 Scout,Mistral Small 4,699,521,462,113,54,167,0.0844062947067239,5.814051587630789e-06,0.00014535128969076972,True,30
dreaddit,RQ1-mcnemar-dreaddit,zero-shot-cot,Llama 4 Scout,Phi-4,699,521,492,74,45,119,0.04148783977110158,0.00996632433799527,0.12682910133407577,False,30
dreaddit,RQ1-mcnemar-dreaddit,zero-shot-cot,Llama 4 Scout,Qwen3.5 27B,699,521,422,150,51,201,0.14163090128755365,1.6699984463256632e-12,5.0099953389769895e-11,True,30
dreaddit,RQ1-mcnemar-dreaddit,zero-shot-cot,Mistral Small 4,Phi-4,699,462,492,37,67,104,-0.04291845493562232,0.004232546845609295,0.06348820268413942,False,30
dreaddit,RQ1-mcnemar-dreaddit,zero-shot-cot,Mistral Small 4,Qwen3.5 27B,699,462,422,70,30,100,0.05722460658082976,7.85013964559367e-05,0.0016485293255746707,True,30
dreaddit,RQ1-mcnemar-dreaddit,zero-shot-cot,Phi-4,Qwen3.5 27B,699,492,422,100,30,130,0.10014306151645208,5.421168026537843e-10,1.5721387276959746e-08,True,30
dreaddit,RQ1-mcnemar-dreaddit,one-shot-cot,Gemma 4 31B,Llama 4 Scout,699,469,522,52,105,157,-0.07582260371959942,2.82308834602241e-05,0.0006391727526364203,True,30
dreaddit,RQ1-mcnemar-dreaddit,one-shot-cot,Gemma 4 31B,Mistral Small 4,699,469,468,27,26,53,0.001430615164520744,1.0,1.0,False,30
dreaddit,RQ1-mcnemar-dreaddit,one-shot-cot,Gemma 4 31B,Phi-4,699,469,512,41,84,125,-0.06151645207439199,0.0001501334225702849,0.0028525350288354135,True,30
dreaddit,RQ1-mcnemar-dreaddit,one-shot-cot,Gemma 4 31B,Qwen3.5 27B,699,469,452,39,22,61,0.024320457796852647,0.03961701489849968,0.35655313408649714,False,30
dreaddit,RQ1-mcnemar-dreaddit,one-shot-cot,Llama 4 Scout,Mistral Small 4,699,522,468,108,54,162,0.07725321888412018,2.6632198026517515e-05,0.0006391727526364203,True,30
dreaddit,RQ1-mcnemar-dreaddit,one-shot-cot,Llama 4 Scout,Phi-4,699,522,512,47,37,84,0.01430615164520744,0.32613417119198296,1.0,False,30
dreaddit,RQ1-mcnemar-dreaddit,one-shot-cot,Llama 4 Scout,Qwen3.5 27B,699,522,452,129,59,188,0.10014306151645208,3.5912299843426926e-07,1.0055443956159539e-05,True,30
dreaddit,RQ1-mcnemar-dreaddit,one-shot-cot,Mistral Small 4,Phi-4,699,468,512,45,89,134,-0.06294706723891273,0.00018013760354172753,0.0032424768637510956,True,30
dreaddit,RQ1-mcnemar-dreaddit,one-shot-cot,Mistral Small 4,Qwen3.5 27B,699,468,452,44,28,72,0.022889842632331903,0.07636915467183139,0.6109532373746511,False,30
dreaddit,RQ1-mcnemar-dreaddit,one-shot-cot,Phi-4,Qwen3.5 27B,699,512,452,106,46,152,0.08583690987124463,1.2573094218827142e-06,3.269004496895057e-05,True,30
goemotions,RQ1-mcnemar-goemotions,zero-shot,Gemma 4 31B,Llama 4 Scout,622,510,436,98,24,122,0.1189710610932476,8.341401161083556e-12,2.4190063367142313e-10,True,30
goemotions,RQ1-mcnemar-goemotions,zero-shot,Gemma 4 31B,Mistral Small 4,622,510,481,51,22,73,0.04662379421221865,0.0009142745821630901,0.01554266789677253,True,30
goemotions,RQ1-mcnemar-goemotions,zero-shot,Gemma 4 31B,Phi-4,622,510,479,45,14,59,0.04983922829581994,6.530630444913366e-05,0.0014367386978809404,True,30
goemotions,RQ1-mcnemar-goemotions,zero-shot,Gemma 4 31B,Qwen3.5 27B,622,510,489,31,10,41,0.03376205787781351,0.0014504910141113214,0.023207856225781143,True,30
goemotions,RQ1-mcnemar-goemotions,zero-shot,Llama 4 Scout,Mistral Small 4,622,436,481,30,75,105,-0.07234726688102894,1.3153673146192195e-05,0.0003025344823624205,True,30
goemotions,RQ1-mcnemar-goemotions,zero-shot,Llama 4 Scout,Phi-4,622,436,479,38,81,119,-0.06913183279742766,0.00010057870133965112,0.0021121527281326735,True,30
goemotions,RQ1-mcnemar-goemotions,zero-shot,Llama 4 Scout,Qwen3.5 27B,622,436,489,30,83,113,-0.08520900321543408,6.30671510083091e-07,1.6397459262160368e-05,True,30
goemotions,RQ1-mcnemar-goemotions,zero-shot,Mistral Small 4,Phi-4,622,481,479,51,49,100,0.003215434083601286,0.9204107626128213,1.0,False,30
goemotions,RQ1-mcnemar-goemotions,zero-shot,Mistral Small 4,Qwen3.5 27B,622,481,489,28,36,64,-0.012861736334405145,0.38173279479333766,1.0,False,30
goemotions,RQ1-mcnemar-goemotions,zero-shot,Phi-4,Qwen3.5 27B,622,479,489,28,38,66,-0.01607717041800643,0.267811664846587,1.0,False,30
goemotions,RQ1-mcnemar-goemotions,zero-shot-cot,Gemma 4 31B,Llama 4 Scout,622,508,425,110,27,137,0.13344051446945338,4.3771621296557597e-13,1.313148638896728e-11,True,30
goemotions,RQ1-mcnemar-goemotions,zero-shot-cot,Gemma 4 31B,Mistral Small 4,622,508,460,75,27,102,0.07717041800643087,2.147691528740743e-06,5.1544596689777835e-05,True,30
goemotions,RQ1-mcnemar-goemotions,zero-shot-cot,Gemma 4 31B,Phi-4,622,508,483,36,11,47,0.04019292604501608,0.000346001140314911,0.0069200228062982205,True,30
goemotions,RQ1-mcnemar-goemotions,zero-shot-cot,Gemma 4 31B,Qwen3.5 27B,622,508,490,31,13,44,0.028938906752411574,0.009559878856634896,0.11471854627961875,False,30
goemotions,RQ1-mcnemar-goemotions,zero-shot-cot,Llama 4 Scout,Mistral Small 4,622,425,460,43,78,121,-0.05627009646302251,0.0018730949300322173,0.024350234090418824,True,30
goemotions,RQ1-mcnemar-goemotions,zero-shot-cot,Llama 4 Scout,Phi-4,622,425,483,40,98,138,-0.0932475884244373,8.536575781113919e-07,2.1341439452784798e-05,True,30
goemotions,RQ1-mcnemar-goemotions,zero-shot-cot,Llama 4 Scout,Qwen3.5 27B,622,425,490,27,92,119,-0.1045016077170418,1.7323422836309307e-09,4.8505583941666056e-08,True,30
goemotions,RQ1-mcnemar-goemotions,zero-shot-cot,Mistral Small 4,Phi-4,622,460,483,49,72,121,-0.03697749196141479,0.045051739725735895,0.45051739725735895,False,30
goemotions,RQ1-mcnemar-goemotions,zero-shot-cot,Mistral Small 4,Qwen3.5 27B,622,460,490,28,58,86,-0.04823151125401929,0.001605564929564241,0.023207856225781143,True,30
goemotions,RQ1-mcnemar-goemotions,zero-shot-cot,Phi-4,Qwen3.5 27B,622,483,490,36,43,79,-0.011254019292604502,0.49989687686032663,1.0,False,30
goemotions,RQ1-mcnemar-goemotions,one-shot-cot,Gemma 4 31B,Llama 4 Scout,622,506,459,67,20,87,0.07556270096463022,4.3053681250011924e-07,1.162449393750322e-05,True,30
goemotions,RQ1-mcnemar-goemotions,one-shot-cot,Gemma 4 31B,Mistral Small 4,622,506,492,37,23,60,0.022508038585209004,0.09246098107292373,0.7396878485833899,False,30
goemotions,RQ1-mcnemar-goemotions,one-shot-cot,Gemma 4 31B,Phi-4,622,506,481,42,17,59,0.04019292604501608,0.0015471669302425245,0.023207856225781143,True,30
goemotions,RQ1-mcnemar-goemotions,one-shot-cot,Gemma 4 31B,Qwen3.5 27B,622,506,479,43,16,59,0.04340836012861737,0.0005843646280443461,0.011102927932842576,True,30
goemotions,RQ1-mcnemar-goemotions,one-shot-cot,Llama 4 Scout,Mistral Small 4,622,459,492,30,63,93,-0.05305466237942122,0.0008100087738623599,0.014580157929522478,True,30
goemotions,RQ1-mcnemar-goemotions,one-shot-cot,Llama 4 Scout,Phi-4,622,459,481,36,58,94,-0.03536977491961415,0.029766410087911834,0.3274305109670302,False,30
goemotions,RQ1-mcnemar-goemotions,one-shot-cot,Llama 4 Scout,Qwen3.5 27B,622,459,479,39,59,98,-0.03215434083601286,0.054390558277088406,0.48951502449379564,False,30
goemotions,RQ1-mcnemar-goemotions,one-shot-cot,Mistral Small 4,Phi-4,622,492,481,52,41,93,0.017684887459807074,0.2997316968970305,1.0,False,30
goemotions,RQ1-mcnemar-goemotions,one-shot-cot,Mistral Small 4,Qwen3.5 27B,622,492,479,40,27,67,0.02090032154340836,0.14207137942637568,0.9944996559846297,False,30
goemotions,RQ1-mcnemar-goemotions,one-shot-cot,Phi-4,Qwen3.5 27B,622,481,479,51,49,100,0.003215434083601286,0.9204107626128213,1.0,False,30
