dataset,family,model,strategy,n_items,acc_eff,acc_eff_ci_low,acc_eff_ci_high,baseline_attributable,diff_vs_baseline,ci_low,ci_high,p_perm,direction,mc_config_majority_correct,mc_baseline_correct,mc_b_config_correct_base_wrong,mc_c_config_wrong_base_correct,mc_p_exact,sens_frozen_scalar,sens_diff_vs_frozen_scalar,sens_ci_low,sens_ci_high,p_holm,holm_significant_0.05,mc_p_holm,mc_holm_significant_0.05
dreaddit,RQ2-primary-dreaddit,Gemma 4 31B,zero-shot,699,0.6932761087267524,0.6592274678111588,0.7270386266094421,0.5078683834048641,0.18540772532188832,0.12331187410586548,0.24864091559370533,9.999000099990002e-05,above baseline,487,355,326,194,7.700354677949443e-09,0.5160839160839161,0.17719219264283625,0.1431435517272427,0.21095471052552595,0.0014998500149985003,True,6.930319210154499e-08,True
dreaddit,RQ2-primary-dreaddit,Gemma 4 31B,zero-shot-cot,699,0.6746781115879829,0.6406294706723891,0.7087267525035765,0.5078683834048641,0.1668097281831188,0.10413447782546494,0.23175965665236054,9.999000099990002e-05,above baseline,470,355,327,212,8.30062523016585e-07,0.5160839160839161,0.15859419550406673,0.12454555458847294,0.1926428364196604,0.0014998500149985003,True,4.98037513809951e-06,True
dreaddit,RQ2-primary-dreaddit,Gemma 4 31B,one-shot-cot,699,0.6755364806866953,0.6417739628040058,0.7092989985693848,0.5078683834048641,0.16766809728183119,0.10443490701001434,0.23204577968526469,9.999000099990002e-05,above baseline,469,355,328,214,1.111072624102608e-06,0.5160839160839161,0.15945256460277912,0.12569004672008965,0.1932150824854687,0.0014998500149985003,True,5.55536312051304e-06,True
dreaddit,RQ2-primary-dreaddit,Llama 4 Scout,zero-shot,699,0.7296137339055795,0.7004291845493562,0.759370529327611,0.5078683834048641,0.22174535050071542,0.17110157367668088,0.273826895565093,9.999000099990002e-05,above baseline,517,355,271,109,4.880287097334003e-17,0.5160839160839161,0.21352981782166336,0.18434526846544008,0.24328661324369483,0.0014998500149985003,True,6.344373226534203e-16,True
dreaddit,RQ2-primary-dreaddit,Llama 4 Scout,zero-shot-cot,699,0.7330472103004293,0.7030042918454935,0.7630901287553649,0.5078683834048641,0.22517882689556523,0.1725321888412018,0.2781115879828326,9.999000099990002e-05,above baseline,521,355,284,118,6.77745614174815e-17,0.5160839160839161,0.21696329421651317,0.18692037576157738,0.24700621267144873,0.0014998500149985003,True,8.13294737009778e-16,True
dreaddit,RQ2-primary-dreaddit,Llama 4 Scout,one-shot-cot,699,0.7502145922746781,0.7201716738197426,0.7802575107296137,0.5078683834048641,0.24234620886981406,0.18884120171673824,0.2947067238912733,9.999000099990002e-05,above baseline,522,355,279,112,1.4865301014656553e-17,0.5160839160839161,0.234130676190762,0.20408775773582644,0.26417359464569756,0.0014998500149985003,True,2.0811421420519175e-16,True
dreaddit,RQ2-primary-dreaddit,Mistral Small 4,zero-shot,699,0.6861230329041488,0.6523605150214593,0.7193133047210301,0.5078683834048641,0.1782546494992847,0.11587267525035756,0.2414949928469242,9.999000099990002e-05,above baseline,481,355,328,202,4.911895163336404e-08,0.5160839160839161,0.17003911682023265,0.13627659893754318,0.20322938863711393,0.0014998500149985003,True,3.438326614335483e-07,True
dreaddit,RQ2-primary-dreaddit,Mistral Small 4,zero-shot-cot,699,0.6609442060085837,0.6266022889842633,0.6949928469241774,0.5078683834048641,0.15307582260371966,0.0875464949928469,0.2188841201716738,9.999000099990002e-05,above baseline,462,355,332,225,6.655482483277895e-06,0.5160839160839161,0.1448602899246676,0.11051837290034712,0.17890893084026127,0.0014998500149985003,True,1.9966447449833683e-05,True
dreaddit,RQ2-primary-dreaddit,Mistral Small 4,one-shot-cot,699,0.6735336194563663,0.63947782546495,0.7064377682403433,0.5078683834048641,0.16566523605150218,0.10299713876967083,0.23032904148783978,9.999000099990002e-05,above baseline,468,355,330,217,1.5473402096515154e-06,0.5160839160839161,0.15744970337245012,0.12339390938103385,0.1903538521564272,0.0014998500149985003,True,6.189360838606061e-06,True
dreaddit,RQ2-primary-dreaddit,Phi-4,zero-shot,699,0.7221745350500717,0.6952718168812589,0.7496423462088698,0.5078683834048641,0.2143061516452076,0.16452074391988558,0.2638125894134477,9.999000099990002e-05,above baseline,527,355,286,114,3.6961272623588435e-18,0.5160839160839161,0.20609061896615555,0.17918790079734276,0.2335584301249537,0.0014998500149985003,True,5.5441908935382654e-17,True
dreaddit,RQ2-primary-dreaddit,Phi-4,zero-shot-cot,699,0.7001430615164521,0.6709513590844063,0.7296137339055793,0.5078683834048641,0.19227467811158805,0.1347567954220315,0.24949928469241767,9.999000099990002e-05,above baseline,492,355,309,172,4.305934613647905e-10,0.5160839160839161,0.184059145432536,0.1548674430004901,0.21352981782166314,0.0014998500149985003,True,4.305934613647905e-09,True
dreaddit,RQ2-primary-dreaddit,Phi-4,one-shot-cot,699,0.7298998569384836,0.7021459227467812,0.757653791130186,0.5078683834048641,0.22203147353361952,0.1696709585121603,0.2749713876967097,9.999000099990002e-05,above baseline,512,355,291,134,1.9339460086380543e-14,0.5160839160839161,0.21381594085456745,0.1860620066628651,0.24156987504626992,0.0014998500149985003,True,2.1273406095018596e-13,True
dreaddit,RQ2-primary-dreaddit,Qwen3.5 27B,zero-shot,699,0.6909871244635193,0.6569384835479255,0.7236051502145923,0.5078683834048641,0.18311874105865522,0.11959942775393417,0.24434907010014306,9.999000099990002e-05,above baseline,483,355,324,196,2.1846445929748605e-08,0.5160839160839161,0.17490320837960316,0.14085456746400937,0.20752123413067614,0.0014998500149985003,True,1.7477156743798884e-07,True
dreaddit,RQ2-primary-dreaddit,Qwen3.5 27B,zero-shot-cot,699,0.6022889842632331,0.5659513590844063,0.6383476394849786,0.5078683834048641,0.09442060085836901,0.025164520743919856,0.16137339055793992,0.0066993300669933005,above baseline,422,355,329,262,0.0065811636452939816,0.5160839160839161,0.08620506817931695,0.049867443000490175,0.12226372340106247,0.0066993300669933005,True,0.0065811636452939816,True
dreaddit,RQ2-primary-dreaddit,Qwen3.5 27B,one-shot-cot,699,0.6474964234620887,0.6128755364806867,0.6812589413447782,0.5078683834048641,0.13962804005722462,0.07353361945636627,0.20601573676680981,9.999000099990002e-05,above baseline,452,355,335,238,5.836001592752515e-05,0.5160839160839161,0.13141250737817256,0.09679162039677058,0.16517502526086203,0.0014998500149985003,True,0.0001167200318550503,True
goemotions,RQ2-primary-goemotions,Gemma 4 31B,zero-shot,622,0.8196141479099678,0.7906752411575563,0.8488745980707396,0.7829581993569131,0.03665594855305465,0.011897106109324707,0.0620578778135048,0.004299570042995701,above baseline,510,487,45,22,0.006741447363103126,0.7817014446227929,0.03791270328717489,0.008973796534763375,0.06717315344794672,0.043995600439956005,True,0.08763881572034064,False
goemotions,RQ2-primary-goemotions,Gemma 4 31B,zero-shot-cot,622,0.8173633440514468,0.7868167202572348,0.8469453376205788,0.7829581993569131,0.03440514469453371,0.01028938906752408,0.05916398713826365,0.004299570042995701,above baseline,508,487,40,19,0.008641499683281734,0.7817014446227929,0.03566189942865394,0.0051152756344419155,0.06524389299778588,0.043995600439956005,True,0.1036979961993808,False
goemotions,RQ2-primary-goemotions,Gemma 4 31B,one-shot-cot,622,0.8131832797427652,0.7826366559485531,0.842443729903537,0.7829581993569131,0.030225080385852032,0.005144694533762204,0.0559485530546624,0.020597940205979402,above baseline,506,487,45,26,0.03192716208321237,0.7817014446227929,0.03148183511997227,0.0009352113257602406,0.0607422852807441,0.16478352164783522,False,0.3192716208321237,False
goemotions,RQ2-primary-goemotions,Llama 4 Scout,zero-shot,622,0.7003215434083601,0.6668810289389068,0.7344051446945338,0.7829581993569131,-0.08263665594855307,-0.12025723472668792,-0.04437299035369768,9.999000099990002e-05,below baseline,436,487,60,111,0.00011821832487370965,0.7817014446227929,-0.08137990121443284,-0.11482041568388612,-0.04729629992825912,0.0014998500149985003,True,0.0016550565482319351,True
goemotions,RQ2-primary-goemotions,Llama 4 Scout,zero-shot-cot,622,0.682636655948553,0.6479099678456592,0.7160852090032155,0.7829581993569131,-0.10032154340836008,-0.13922829581993557,-0.06173633440514481,9.999000099990002e-05,below baseline,425,487,62,124,6.41016521949573e-06,0.7817014446227929,-0.09906478867423985,-0.13379147677713366,-0.06561623561957741,0.0014998500149985003,True,9.615247829243594e-05,True
goemotions,RQ2-primary-goemotions,Llama 4 Scout,one-shot-cot,622,0.7318327974276527,0.6977491961414791,0.7659163987138263,0.7829581993569131,-0.051125401929260406,-0.08649517684887464,-0.01704180064308691,0.003999600039996,below baseline,459,487,51,79,0.017541695301202188,0.7817014446227929,-0.04986864719514017,-0.08395224848131377,-0.015785045908966563,0.043995600439956005,True,0.19295864831322407,False
goemotions,RQ2-primary-goemotions,Mistral Small 4,zero-shot,622,0.7655948553054662,0.7318247588424437,0.7977572347266882,0.7829581993569131,-0.017363344051446905,-0.054348874598070765,0.018971061093247536,0.3397660233976602,below baseline,481,487,66,72,0.6705341002455002,0.7817014446227929,-0.01610658931732667,-0.049876685780349164,0.016055790103895344,1.0,False,1.0,False
goemotions,RQ2-primary-goemotions,Mistral Small 4,zero-shot-cot,622,0.7411575562700965,0.7064308681672026,0.7739549839228296,0.7829581993569131,-0.041800643086816636,-0.07974276527331192,-0.004493569131832749,0.030996900309969003,below baseline,460,487,65,92,0.03764523991642194,0.7817014446227929,-0.0405438883526964,-0.07527057645559032,-0.00774646069996332,0.21697830216978303,False,0.3388071592477975,False
goemotions,RQ2-primary-goemotions,Mistral Small 4,one-shot-cot,622,0.7829581993569132,0.7517684887459807,0.8128617363344051,0.7829581993569131,1.1102230246251565e-16,-0.03247588424437298,0.03248392282958212,1.0,above baseline,492,487,59,54,0.7068822614919528,0.7817014446227929,0.0012567547341203467,-0.029932955876812217,0.031160291711612168,1.0,False,1.0,False
goemotions,RQ2-primary-goemotions,Phi-4,zero-shot,622,0.7363344051446945,0.7064228295819934,0.7659163987138264,0.7829581993569131,-0.04662379421221863,-0.07042604501607726,-0.02249999999999986,0.00039996000399960006,below baseline,479,487,33,41,0.4159851975073048,0.7817014446227929,-0.04536703947809839,-0.07527861504079943,-0.015785045908966455,0.0047995200479952005,True,1.0,False
goemotions,RQ2-primary-goemotions,Phi-4,zero-shot-cot,622,0.7617363344051447,0.7308681672025724,0.7922829581993569,0.7829581993569131,-0.021221864951768477,-0.045337620578778215,0.003215434083601365,0.09369063093690631,below baseline,483,487,31,35,0.7122308826373508,0.7817014446227929,-0.01996511021764824,-0.05083327742022048,0.010581513576564006,0.5621437856214379,False,1.0,False
goemotions,RQ2-primary-goemotions,Phi-4,one-shot-cot,622,0.6729903536977492,0.6463022508038585,0.7,0.7829581993569131,-0.10996784565916395,-0.13247588424437295,-0.08649517684887464,9.999000099990002e-05,below baseline,481,487,27,33,0.5189580031896518,0.7817014446227929,-0.10871109092504372,-0.1353991938189344,-0.08170144462279294,0.0014998500149985003,True,1.0,False
goemotions,RQ2-primary-goemotions,Qwen3.5 27B,zero-shot,622,0.7861736334405145,0.7533681672025724,0.8176848874598072,0.7829581993569131,0.003215434083601365,-0.027652733118971096,0.03440514469453371,0.8625137486251375,above baseline,489,487,51,49,0.9204107626128213,0.7817014446227929,0.004472188817721601,-0.02833327742022048,0.03598344283701427,1.0,False,1.0,False
goemotions,RQ2-primary-goemotions,Qwen3.5 27B,zero-shot-cot,622,0.7897106109324759,0.757556270096463,0.8212218649517684,0.7829581993569131,0.006752411575562722,-0.02443729903536973,0.03858520900321549,0.6884311568843116,above baseline,490,487,52,49,0.842382098507744,0.7817014446227929,0.008009166309682958,-0.024145174526329916,0.039520420328975514,1.0,False,1.0,False
goemotions,RQ2-primary-goemotions,Qwen3.5 27B,one-shot-cot,622,0.770096463022508,0.7379421221864951,0.8038585209003216,0.7829581993569131,-0.012861736334405127,-0.048231511254019255,0.022508038585209,0.5288471152884712,below baseline,479,487,60,68,0.536268714071106,0.7817014446227929,-0.011604981600284892,-0.043759322436297765,0.02215707627752872,1.0,False,1.0,False
