model,model_id,strategy,acc_conditional,acc_effective,macro_precision,macro_recall,macro_f1,evaluability,valid_over_attributable_5runs,model_invalid_5runs,infra_failed_5runs,safety_intercepts_5runs,invalid_per_run
Gemma 4 31B,google/gemma-4-31b-it,zero-shot,0.693 ± 0.004,0.693 ± 0.004,0.760 ± 0.003,0.697 ± 0.004,0.675 ± 0.005,1.000 ± 0.000,3495 / 3495,0,0,80,0/0/0/0/0
Gemma 4 31B,google/gemma-4-31b-it,zero-shot-cot,0.675 ± 0.001,0.675 ± 0.001,0.754 ± 0.004,0.679 ± 0.001,0.650 ± 0.001,1.000 ± 0.000,3495 / 3495,0,0,80,0/0/0/0/0
Gemma 4 31B,google/gemma-4-31b-it,one-shot-cot,0.676 ± 0.006,0.676 ± 0.006,0.756 ± 0.005,0.680 ± 0.006,0.651 ± 0.008,1.000 ± 0.000,3495 / 3495,0,0,80,0/0/0/0/0
Llama 4 Scout,meta-llama/llama-4-scout,zero-shot,0.752 ± 0.005,0.730 ± 0.003,0.755 ± 0.005,0.753 ± 0.005,0.752 ± 0.005,0.970 ± 0.005,3389 / 3495,106,0,80,19/22/27/19/19
Llama 4 Scout,meta-llama/llama-4-scout,zero-shot-cot,0.744 ± 0.005,0.733 ± 0.005,0.753 ± 0.004,0.745 ± 0.004,0.742 ± 0.005,0.985 ± 0.002,3443 / 3495,52,0,80,13/9/10/10/10
Llama 4 Scout,meta-llama/llama-4-scout,one-shot-cot,0.752 ± 0.004,0.750 ± 0.005,0.758 ± 0.004,0.753 ± 0.004,0.751 ± 0.005,0.998 ± 0.001,3487 / 3495,8,0,80,2/1/2/2/1
Mistral Small 4,mistralai/mistral-small-2603,zero-shot,0.686 ± 0.003,0.686 ± 0.004,0.758 ± 0.003,0.690 ± 0.003,0.666 ± 0.004,1.000 ± 0.001,3494 / 3495,1,0,80,0/0/1/0/0
Mistral Small 4,mistralai/mistral-small-2603,zero-shot-cot,0.661 ± 0.004,0.661 ± 0.004,0.752 ± 0.008,0.666 ± 0.004,0.631 ± 0.004,1.000 ± 0.001,3494 / 3495,1,0,80,1/0/0/0/0
Mistral Small 4,mistralai/mistral-small-2603,one-shot-cot,0.674 ± 0.005,0.674 ± 0.005,0.757 ± 0.007,0.678 ± 0.005,0.648 ± 0.006,1.000 ± 0.000,3495 / 3495,0,0,80,0/0/0/0/0
Phi-4,microsoft/phi-4,zero-shot,0.745 ± 0.012,0.722 ± 0.016,0.751 ± 0.011,0.746 ± 0.012,0.744 ± 0.013,0.970 ± 0.010,3389 / 3495,106,0,80,20/34/17/17/18
Phi-4,microsoft/phi-4,zero-shot-cot,0.706 ± 0.003,0.700 ± 0.002,0.742 ± 0.003,0.709 ± 0.003,0.696 ± 0.004,0.992 ± 0.003,3466 / 3495,29,0,80,8/4/4/6/7
Phi-4,microsoft/phi-4,one-shot-cot,0.733 ± 0.010,0.730 ± 0.010,0.747 ± 0.011,0.735 ± 0.010,0.730 ± 0.010,0.995 ± 0.001,3479 / 3495,16,0,80,4/4/2/3/3
Qwen3.5 27B,qwen/qwen3.5-27b,zero-shot,0.692 ± 0.001,0.691 ± 0.001,0.757 ± 0.001,0.696 ± 0.001,0.674 ± 0.001,0.998 ± 0.001,3488 / 3495,7,0,80,2/1/1/1/2
Qwen3.5 27B,qwen/qwen3.5-27b,zero-shot-cot,0.653 ± 0.004,0.602 ± 0.005,0.747 ± 0.004,0.634 ± 0.005,0.598 ± 0.006,0.923 ± 0.004,3226 / 3495,269,0,80,54/55/50/53/57
Qwen3.5 27B,qwen/qwen3.5-27b,one-shot-cot,0.648 ± 0.001,0.647 ± 0.002,0.757 ± 0.001,0.653 ± 0.001,0.610 ± 0.002,0.999 ± 0.001,3491 / 3495,4,0,80,0/1/1/1/1
