model,strategy,anxiety_recall,anxiety_f1,anxiety_pred_share,fear_recall,fear_f1,fear_pred_share,sadness_recall,sadness_f1,sadness_pred_share,frustration_recall,frustration_f1,frustration_pred_share,non_distress_recall,non_distress_f1,non_distress_pred_share
Gemma 4 31B,zero-shot,0.667 ± 0.000,0.589 ± 0.024,0.012 ± 0.001,0.600 ± 0.000,0.738 ± 0.016,0.015 ± 0.001,0.242 ± 0.000,0.346 ± 0.003,0.021 ± 0.001,0.294 ± 0.016,0.399 ± 0.020,0.062 ± 0.001,0.955 ± 0.003,0.894 ± 0.003,0.890 ± 0.001
Gemma 4 31B,zero-shot-cot,0.667 ± 0.000,0.590 ± 0.037,0.012 ± 0.001,0.600 ± 0.000,0.732 ± 0.016,0.015 ± 0.001,0.242 ± 0.000,0.345 ± 0.004,0.022 ± 0.001,0.247 ± 0.015,0.356 ± 0.020,0.050 ± 0.002,0.960 ± 0.003,0.893 ± 0.002,0.901 ± 0.002
Gemma 4 31B,one-shot-cot,0.667 ± 0.000,0.550 ± 0.037,0.014 ± 0.001,0.600 ± 0.000,0.744 ± 0.013,0.015 ± 0.001,0.261 ± 0.017,0.363 ± 0.014,0.023 ± 0.002,0.280 ± 0.022,0.378 ± 0.025,0.062 ± 0.003,0.950 ± 0.004,0.891 ± 0.003,0.886 ± 0.001
Llama 4 Scout,zero-shot,0.767 ± 0.094,0.240 ± 0.038,0.047 ± 0.002,0.731 ± 0.078,0.706 ± 0.058,0.026 ± 0.001,0.462 ± 0.009,0.453 ± 0.013,0.055 ± 0.001,0.397 ± 0.024,0.366 ± 0.019,0.156 ± 0.005,0.800 ± 0.005,0.835 ± 0.005,0.716 ± 0.003
Llama 4 Scout,zero-shot-cot,0.727 ± 0.116,0.255 ± 0.056,0.042 ± 0.003,0.705 ± 0.012,0.727 ± 0.013,0.022 ± 0.001,0.455 ± 0.034,0.464 ± 0.038,0.051 ± 0.003,0.405 ± 0.021,0.366 ± 0.021,0.165 ± 0.005,0.804 ± 0.009,0.835 ± 0.006,0.719 ± 0.009
Llama 4 Scout,one-shot-cot,0.820 ± 0.018,0.371 ± 0.042,0.032 ± 0.003,0.707 ± 0.037,0.707 ± 0.029,0.025 ± 0.001,0.432 ± 0.018,0.454 ± 0.021,0.047 ± 0.002,0.275 ± 0.019,0.326 ± 0.021,0.094 ± 0.007,0.877 ± 0.007,0.864 ± 0.006,0.801 ± 0.007
Mistral Small 4,zero-shot,0.700 ± 0.075,0.453 ± 0.035,0.020 ± 0.003,0.747 ± 0.030,0.627 ± 0.034,0.034 ± 0.004,0.364 ± 0.000,0.438 ± 0.010,0.035 ± 0.002,0.452 ± 0.028,0.428 ± 0.022,0.145 ± 0.004,0.852 ± 0.008,0.861 ± 0.005,0.766 ± 0.008
Mistral Small 4,zero-shot-cot,0.733 ± 0.091,0.453 ± 0.047,0.022 ± 0.001,0.787 ± 0.030,0.549 ± 0.015,0.045 ± 0.001,0.358 ± 0.014,0.417 ± 0.013,0.038 ± 0.002,0.469 ± 0.017,0.414 ± 0.015,0.166 ± 0.006,0.817 ± 0.008,0.846 ± 0.006,0.729 ± 0.005
Mistral Small 4,one-shot-cot,0.667 ± 0.000,0.599 ± 0.037,0.012 ± 0.001,0.800 ± 0.000,0.669 ± 0.042,0.034 ± 0.004,0.339 ± 0.025,0.420 ± 0.031,0.033 ± 0.002,0.395 ± 0.017,0.410 ± 0.019,0.121 ± 0.004,0.883 ± 0.004,0.873 ± 0.003,0.800 ± 0.003
Phi-4,zero-shot,0.670 ± 0.053,0.432 ± 0.057,0.020 ± 0.003,0.705 ± 0.051,0.764 ± 0.063,0.021 ± 0.002,0.308 ± 0.020,0.396 ± 0.025,0.030 ± 0.006,0.144 ± 0.034,0.204 ± 0.042,0.052 ± 0.008,0.929 ± 0.012,0.875 ± 0.006,0.878 ± 0.010
Phi-4,zero-shot-cot,0.720 ± 0.073,0.509 ± 0.043,0.017 ± 0.003,0.734 ± 0.042,0.767 ± 0.034,0.022 ± 0.003,0.321 ± 0.044,0.409 ± 0.035,0.029 ± 0.005,0.155 ± 0.043,0.241 ± 0.061,0.036 ± 0.007,0.954 ± 0.004,0.891 ± 0.003,0.895 ± 0.008
Phi-4,one-shot-cot,0.760 ± 0.146,0.529 ± 0.044,0.019 ± 0.004,0.597 ± 0.107,0.693 ± 0.069,0.020 ± 0.007,0.310 ± 0.055,0.405 ± 0.050,0.030 ± 0.008,0.124 ± 0.103,0.190 ± 0.120,0.029 ± 0.025,0.958 ± 0.019,0.885 ± 0.006,0.902 ± 0.041
Qwen3.5 27B,zero-shot,0.667 ± 0.000,0.615 ± 0.000,0.011 ± 0.000,0.653 ± 0.030,0.662 ± 0.025,0.023 ± 0.001,0.248 ± 0.014,0.320 ± 0.015,0.029 ± 0.001,0.358 ± 0.000,0.389 ± 0.001,0.110 ± 0.001,0.899 ± 0.000,0.875 ± 0.001,0.826 ± 0.001
Qwen3.5 27B,zero-shot-cot,0.667 ± 0.000,0.615 ± 0.000,0.011 ± 0.000,0.613 ± 0.030,0.652 ± 0.021,0.021 ± 0.001,0.273 ± 0.000,0.348 ± 0.003,0.030 ± 0.001,0.378 ± 0.011,0.404 ± 0.009,0.113 ± 0.002,0.900 ± 0.001,0.877 ± 0.001,0.824 ± 0.002
Qwen3.5 27B,one-shot-cot,0.667 ± 0.000,0.571 ± 0.000,0.013 ± 0.000,0.667 ± 0.000,0.645 ± 0.000,0.026 ± 0.000,0.273 ± 0.000,0.321 ± 0.000,0.037 ± 0.000,0.457 ± 0.000,0.433 ± 0.000,0.145 ± 0.000,0.864 ± 0.000,0.866 ± 0.000,0.779 ± 0.000
