model,strategy,class0_precision,class0_recall,class0_f1,class0_pred_share,class1_precision,class1_recall,class1_f1,class1_pred_share
Gemma 4 31B,zero-shot,0.624 ± 0.003,0.947 ± 0.003,0.752 ± 0.002,0.746 ± 0.005,0.896 ± 0.004,0.448 ± 0.008,0.597 ± 0.007,0.254 ± 0.005
Gemma 4 31B,zero-shot-cot,0.608 ± 0.001,0.953 ± 0.005,0.743 ± 0.001,0.772 ± 0.004,0.900 ± 0.008,0.405 ± 0.004,0.558 ± 0.002,0.228 ± 0.004
Gemma 4 31B,one-shot-cot,0.608 ± 0.005,0.956 ± 0.002,0.744 ± 0.004,0.773 ± 0.006,0.904 ± 0.006,0.404 ± 0.012,0.558 ± 0.012,0.227 ± 0.006
Llama 4 Scout,zero-shot,0.730 ± 0.006,0.800 ± 0.008,0.763 ± 0.005,0.547 ± 0.007,0.780 ± 0.007,0.705 ± 0.009,0.740 ± 0.006,0.453 ± 0.007
Llama 4 Scout,zero-shot-cot,0.704 ± 0.006,0.834 ± 0.008,0.763 ± 0.004,0.586 ± 0.009,0.801 ± 0.006,0.656 ± 0.011,0.721 ± 0.006,0.414 ± 0.009
Llama 4 Scout,one-shot-cot,0.714 ± 0.005,0.827 ± 0.005,0.766 ± 0.004,0.570 ± 0.005,0.802 ± 0.004,0.679 ± 0.008,0.736 ± 0.005,0.430 ± 0.005
Mistral Small 4,zero-shot,0.618 ± 0.003,0.949 ± 0.003,0.749 ± 0.002,0.756 ± 0.004,0.898 ± 0.005,0.431 ± 0.007,0.583 ± 0.006,0.244 ± 0.004
Mistral Small 4,zero-shot-cot,0.597 ± 0.002,0.961 ± 0.007,0.736 ± 0.003,0.793 ± 0.004,0.908 ± 0.014,0.370 ± 0.005,0.526 ± 0.006,0.207 ± 0.004
Mistral Small 4,one-shot-cot,0.607 ± 0.004,0.958 ± 0.005,0.743 ± 0.004,0.777 ± 0.004,0.906 ± 0.011,0.398 ± 0.008,0.553 ± 0.009,0.223 ± 0.004
Phi-4,zero-shot,0.707 ± 0.017,0.817 ± 0.022,0.758 ± 0.012,0.566 ± 0.020,0.794 ± 0.017,0.675 ± 0.027,0.730 ± 0.015,0.434 ± 0.020
Phi-4,zero-shot-cot,0.645 ± 0.004,0.897 ± 0.006,0.750 ± 0.002,0.685 ± 0.007,0.839 ± 0.006,0.520 ± 0.009,0.642 ± 0.006,0.315 ± 0.007
Phi-4,one-shot-cot,0.685 ± 0.010,0.850 ± 0.018,0.759 ± 0.009,0.612 ± 0.016,0.809 ± 0.018,0.620 ± 0.019,0.702 ± 0.013,0.388 ± 0.016
Qwen3.5 27B,zero-shot,0.624 ± 0.001,0.942 ± 0.001,0.751 ± 0.001,0.743 ± 0.002,0.889 ± 0.002,0.450 ± 0.002,0.597 ± 0.002,0.257 ± 0.002
Qwen3.5 27B,zero-shot-cot,0.608 ± 0.002,0.965 ± 0.001,0.746 ± 0.002,0.839 ± 0.004,0.886 ± 0.007,0.302 ± 0.009,0.451 ± 0.011,0.161 ± 0.004
Qwen3.5 27B,one-shot-cot,0.586 ± 0.001,0.974 ± 0.000,0.732 ± 0.001,0.819 ± 0.002,0.929 ± 0.001,0.332 ± 0.003,0.489 ± 0.003,0.181 ± 0.002
