model,strategy,client_latency_mean_s,client_latency_median_s,client_latency_p90_s,server_latency_mean_s,n_llm_served_5runs,n_safety_excluded_5runs,missing_latency,retried_assessments_5runs,executed_utc,source_run,share_during_other_run_on_same_machine
Gemma 4 31B,zero-shot,11.54 ± 1.38,7.88 ± 1.65,19.91 ± 2.70,11.53 ± 1.38,3110,5,0,9,2026-09-15T16:16 → 2026-09-16T02:54,pub_012_goemotions715_gemma_coreweave,0.00
Gemma 4 31B,zero-shot-cot,14.17 ± 3.54,11.48 ± 3.30,24.14 ± 6.74,14.16 ± 3.54,3110,5,0,21,2026-09-16T02:54 → 2026-09-17T02:02,pub_012_goemotions715_gemma_coreweave,0.00
Gemma 4 31B,one-shot-cot,10.09 ± 2.75,7.86 ± 2.69,16.29 ± 6.59,10.09 ± 2.75,3110,5,0,22,2026-09-16T16:10 → 2026-09-17T04:15,pub_012_goemotions715_gemma_coreweave,0.00
Llama 4 Scout,zero-shot,10.78 ± 1.26,9.07 ± 2.13,18.11 ± 2.12,10.77 ± 1.26,3110,5,0,22,2026-09-11T17:39 → 2026-09-13T16:18,pub_009_goemotions715_llama,0.00
Llama 4 Scout,zero-shot-cot,11.02 ± 2.20,9.07 ± 3.01,19.32 ± 3.45,11.01 ± 2.20,3110,5,0,28,2026-09-12T04:16 → 2026-09-13T16:18,pub_009_goemotions715_llama,0.00
Llama 4 Scout,one-shot-cot,10.00 ± 1.34,8.46 ± 1.34,14.49 ± 2.52,9.99 ± 1.34,3110,5,0,31,2026-09-12T17:05 → 2026-09-13T16:12,pub_009_goemotions715_llama,0.00
Mistral Small 4,zero-shot,3.98 ± 0.48,3.05 ± 0.01,6.06 ± 0.01,3.97 ± 0.48,3110,5,0,0,2026-09-09T18:02 → 2026-09-09T21:55,pub_006_goemotions715_mistral,0.00
Mistral Small 4,zero-shot-cot,3.43 ± 0.11,3.04 ± 0.00,5.44 ± 1.34,3.42 ± 0.11,3110,5,0,0,2026-09-09T21:55 → 2026-09-10T01:19,pub_006_goemotions715_mistral,0.00
Mistral Small 4,one-shot-cot,3.32 ± 0.16,3.04 ± 0.00,3.64 ± 1.34,3.31 ± 0.16,3110,5,0,1,2026-09-10T01:19 → 2026-09-11T17:13,pub_006_goemotions715_mistral,0.00
Phi-4,zero-shot,13.07 ± 0.35,11.47 ± 1.30,18.07 ± 0.00,13.06 ± 0.35,3110,5,0,17,2026-09-10T18:03 → 2026-09-11T06:23,pub_008_goemotions715_phi,0.00
Phi-4,zero-shot-cot,13.09 ± 1.89,9.65 ± 1.35,21.69 ± 5.39,13.08 ± 1.89,3110,5,0,34,2026-09-11T06:24 → 2026-09-12T22:22,pub_008_goemotions715_phi,0.00
Phi-4,one-shot-cot,10.63 ± 2.23,9.65 ± 1.35,17.48 ± 6.52,10.63 ± 2.23,3110,5,0,5,2026-09-11T19:15 → 2026-09-12T05:03,pub_008_goemotions715_phi,0.00
Qwen3.5 27B,zero-shot,7.27 ± 0.56,6.04 ± 0.00,9.65 ± 1.34,7.27 ± 0.56,3110,5,0,3,2026-09-09T19:24 → 2026-09-10T02:10,pub_007_goemotions715_qwen,0.00
Qwen3.5 27B,zero-shot-cot,7.32 ± 0.37,6.04 ± 0.00,9.05 ± 0.00,7.32 ± 0.37,3110,5,0,0,2026-09-10T02:10 → 2026-09-10T08:56,pub_007_goemotions715_qwen,0.00
Qwen3.5 27B,one-shot-cot,7.32 ± 0.33,6.04 ± 0.00,9.05 ± 0.01,7.32 ± 0.33,3110,5,0,9,2026-09-10T08:56 → 2026-09-10T17:08,pub_007_goemotions715_qwen,0.00
