dataset,model,strategy,invalid_records_5runs,invalid_rate,unique_samples_affected,records_per_affected_sample,dominant_failure_category,dominant_category_share,evaluability_mean,accuracy_conditional_mean,accuracy_effective_mean,accuracy_gap_cond_minus_eff,macro_f1_mean,macro_f1_sd,client_latency_mean_s,majority_baseline
dreaddit,Gemma 4 31B IT,zero-shot,0,0.0,0,0,,,1.0,0.6932761087267524,0.6932761087267524,0.0,0.6747885609092776,0.004908215177798165,15.07 ± 2.73,0.516084
dreaddit,Gemma 4 31B IT,zero-shot-cot,0,0.0,0,0,,,1.0,0.6746781115879829,0.6746781115879829,0.0,0.6503384882210532,0.0008743185307506794,13.10 ± 1.97,0.516084
dreaddit,Gemma 4 31B IT,one-shot-cot,0,0.0,0,0,,,1.0,0.6755364806866953,0.6755364806866953,0.0,0.6509535051638565,0.008002400906831433,15.14 ± 3.77,0.516084
dreaddit,Llama 4 Scout,zero-shot,106,0.030329,80,1.325,bare_string_in_object_position,0.774,0.9696709585121603,0.7524517148070454,0.7296137339055795,0.022838,0.7519102169805155,0.005020302023294964,12.46 ± 0.88,0.516084
dreaddit,Llama 4 Scout,zero-shot-cot,52,0.014878,47,1.106,bare_string_in_object_position,0.731,0.9851216022889844,0.7441180891399372,0.7330472103004293,0.011071,0.7423689084979461,0.0047915493480331275,14.08 ± 2.11,0.516084
dreaddit,Llama 4 Scout,one-shot-cot,8,0.002289,4,2.0,refusal_or_deflection,0.625,0.9977110157367669,0.7519335835529264,0.7502145922746781,0.001719,0.7509902471599942,0.0045271279602117475,10.23 ± 0.64,0.516084
dreaddit,Mistral Small 4,zero-shot,1,0.000286,1,1.0,unescaped_quote_in_string,1.0,0.9997138769670958,0.6863181540555277,0.6861230329041488,0.000195,0.665674216808337,0.004097540738504033,5.36 ± 0.03,0.516084
dreaddit,Mistral Small 4,zero-shot-cot,1,0.000286,1,1.0,unescaped_quote_in_string,1.0,0.9997138769670958,0.661131948629028,0.6609442060085837,0.000188,0.6311545867466248,0.0041544766972615105,5.25 ± 0.11,0.516084
dreaddit,Mistral Small 4,one-shot-cot,0,0.0,0,0,,,1.0,0.6735336194563663,0.6735336194563663,0.0,0.6480665528019267,0.006108516432537891,4.89 ± 0.12,0.516084
dreaddit,Phi-4,zero-shot,106,0.030329,96,1.104,refusal_or_deflection,0.453,0.9696709585121603,0.7447250405934643,0.7221745350500717,0.022551,0.7438704558724477,0.012616661259696101,12.91 ± 1.36,0.516084
dreaddit,Phi-4,zero-shot-cot,29,0.008298,26,1.115,refusal_or_deflection,0.345,0.9917024320457797,0.7060059095798868,0.7001430615164521,0.005863,0.6963668366379043,0.00381912561630483,12.86 ± 1.19,0.516084
dreaddit,Phi-4,one-shot-cot,16,0.004578,14,1.143,prose_or_markdown_instead_of_required_json,0.312,0.9954220314735336,0.7332533156179257,0.7298998569384836,0.003353,0.7302289816890732,0.01006059286903352,10.13 ± 1.84,0.516084
dreaddit,Qwen 3.5 27B,zero-shot,0,0.0,0,0,,,0.9979971387696709,0.6923733725791664,0.6909871244635193,0.001386,0.6742359990721312,0.0011813256828217128,9.05 ± 0.27,0.516084
dreaddit,Qwen 3.5 27B,zero-shot-cot,0,0.0,0,0,,,0.923032904148784,0.6525057710930247,0.6022889842632331,0.050217,0.5982581549774357,0.006094133401280871,8.67 ± 0.24,0.516084
dreaddit,Qwen 3.5 27B,one-shot-cot,0,0.0,0,0,,,0.9988555078683834,0.6482379658210051,0.6474964234620887,0.000742,0.6104690746345105,0.0019913781845424146,8.40 ± 0.45,0.516084
goemotions,Gemma 4 31B IT,zero-shot,0,0.0,0,0,,,1.0,0.8196141479099678,0.8196141479099678,0.0,0.593168632243216,0.007130058567223816,11.54 ± 1.38,0.781701
goemotions,Gemma 4 31B IT,zero-shot-cot,0,0.0,0,0,,,1.0,0.8173633440514468,0.8173633440514468,0.0,0.5832331018745835,0.008158389809850198,14.17 ± 3.54,0.781701
goemotions,Gemma 4 31B IT,one-shot-cot,0,0.0,0,0,,,0.9977491961414791,0.815024251237924,0.8131832797427652,0.001841,0.5852249796240192,0.005499393827586292,10.09 ± 2.75,0.781701
goemotions,Llama 4 Scout,zero-shot,113,0.036334,47,2.404,out_of_vocabulary_label,0.885,0.9636655948553055,0.7267161953435712,0.7003215434083601,0.026395,0.520165100110112,0.017462571056267563,10.78 ± 1.26,0.781701
goemotions,Llama 4 Scout,zero-shot-cot,193,0.062058,71,2.718,out_of_vocabulary_label,0.907,0.9379421221864952,0.7278089988123881,0.682636655948553,0.045172,0.529616441250114,0.013422885771963296,11.02 ± 2.20,0.781701
goemotions,Llama 4 Scout,one-shot-cot,143,0.045981,42,3.405,out_of_vocabulary_label,1.0,0.9540192926045016,0.7670948607782752,0.7318327974276527,0.035262,0.5442734655323482,0.012572676999863388,10.00 ± 1.34,0.781701
goemotions,Mistral Small 4,zero-shot,17,0.005466,8,2.125,empty_object,0.647,0.9945337620578778,0.7698215155199891,0.7655948553054662,0.004227,0.5614821010467994,0.010630387056488154,3.98 ± 0.48,0.781701
goemotions,Mistral Small 4,zero-shot-cot,19,0.006109,6,3.167,out_of_vocabulary_label,0.526,0.9938906752411576,0.7457086933609612,0.7411575562700965,0.004551,0.5357184554442761,0.01042727561263861,3.43 ± 0.11,0.781701
goemotions,Mistral Small 4,one-shot-cot,12,0.003859,5,2.4,refusal_or_deflection,0.417,0.9961414790996784,0.7859915270404414,0.7829581993569132,0.003033,0.5939915303053398,0.007854789430695296,3.32 ± 0.16,0.781701
goemotions,Phi-4,zero-shot,191,0.061415,134,1.425,out_of_vocabulary_label,0.545,0.9385852090032154,0.7844695688710235,0.7363344051446945,0.048135,0.5342167475629712,0.01607674910909276,13.07 ± 0.35,0.781701
goemotions,Phi-4,zero-shot-cot,183,0.058842,105,1.743,out_of_vocabulary_label,0.869,0.9411575562700965,0.8093942491689399,0.7617363344051447,0.047658,0.5634450672424287,0.010502110010698916,13.09 ± 1.89,0.781701
goemotions,Phi-4,one-shot-cot,499,0.16045,356,1.402,empty_object,0.84,0.8395498392282958,0.801109875173576,0.6729903536977492,0.12812,0.5405767162372719,0.04938845297573555,10.63 ± 2.23,0.781701
goemotions,Qwen 3.5 27B,zero-shot,0,0.0,0,0,,,1.0,0.7861736334405145,0.7861736334405145,0.0,0.5723065392144198,0.007119650273846356,7.27 ± 0.56,0.781701
goemotions,Qwen 3.5 27B,zero-shot-cot,0,0.0,0,0,,,1.0,0.7897106109324759,0.7897106109324759,0.0,0.5792887817555721,0.005994848724628576,7.32 ± 0.37,0.781701
goemotions,Qwen 3.5 27B,one-shot-cot,0,0.0,0,0,,,0.9967845659163987,0.7725806451612903,0.770096463022508,0.002484,0.5672938901060525,0.0,7.32 ± 0.33,0.781701
