dataset,model,model_id,prompt_strategy,n_runs,conditional_accuracy,conditional_accuracy_mean,conditional_accuracy_sd,effective_accuracy,effective_accuracy_mean,effective_accuracy_sd,macro_precision,macro_precision_mean,macro_precision_sd,macro_recall,macro_recall_mean,macro_recall_sd,macro_f1,macro_f1_mean,macro_f1_sd,evaluability,evaluability_mean,evaluability_sd,safety_intercepts_5runs,model_invalid_outputs_5runs,valid_predictions_5runs,total_records_5runs,source_runs
goemotions,Gemma 4 31B IT,google/gemma-4-31b-it,zero-shot,5,0.820 ± 0.004,0.8196141479099678,0.0038383718283965607,0.820 ± 0.004,0.8196141479099678,0.0038383718283965607,0.711 ± 0.015,0.7109987296786274,0.014738676743967201,0.552 ± 0.004,0.5515487063194113,0.0035678598025741123,0.593 ± 0.007,0.593168632243216,0.007130058567223816,1.000 ± 0.000,1.0,0.0,5,0,3110,3115,pub_012_goemotions715_gemma_coreweave
goemotions,Gemma 4 31B IT,google/gemma-4-31b-it,zero-shot-cot,5,0.817 ± 0.004,0.8173633440514468,0.00370124258302939,0.817 ± 0.004,0.8173633440514468,0.00370124258302939,0.709 ± 0.011,0.7090448875877813,0.011201318899221565,0.543 ± 0.003,0.5431516165533962,0.0033877080788374462,0.583 ± 0.008,0.5832331018745835,0.008158389809850198,1.000 ± 0.000,1.0,0.0,5,0,3110,3115,pub_012_goemotions715_gemma_coreweave
goemotions,Gemma 4 31B IT,google/gemma-4-31b-it,one-shot-cot,5,0.815 ± 0.004,0.815024251237924,0.004103499235240679,0.813 ± 0.003,0.8131832797427652,0.0028759716752408925,0.695 ± 0.010,0.694676689314661,0.009970765584420713,0.551 ± 0.002,0.5514253422639133,0.0021125296776820205,0.585 ± 0.005,0.5852249796240192,0.005499393827586292,0.998 ± 0.003,0.9977491961414791,0.0026902251657044394,5,7,3103,3115,pub_012_goemotions715_gemma_coreweave
goemotions,Llama 4 Scout,meta-llama/llama-4-scout,zero-shot,5,0.727 ± 0.007,0.7267161953435712,0.007066169366641249,0.700 ± 0.008,0.7003215434083601,0.00840022538753255,0.497 ± 0.017,0.49682534010860263,0.01702719227301116,0.632 ± 0.014,0.6315623702427351,0.014400489151886155,0.520 ± 0.017,0.520165100110112,0.017462571056267563,0.964 ± 0.004,0.9636655948553055,0.003522331559518761,5,113,2997,3115,pub_009_goemotions715_llama
goemotions,Llama 4 Scout,meta-llama/llama-4-scout,zero-shot-cot,5,0.728 ± 0.010,0.7278089988123881,0.010308589396905677,0.683 ± 0.009,0.682636655948553,0.009207601969952635,0.517 ± 0.013,0.5168816744633664,0.012625052553701232,0.619 ± 0.027,0.6191569225321344,0.026684788885923003,0.530 ± 0.013,0.529616441250114,0.013422885771963296,0.938 ± 0.002,0.9379421221864952,0.001833079461574212,5,193,2917,3115,pub_009_goemotions715_llama
goemotions,Llama 4 Scout,meta-llama/llama-4-scout,one-shot-cot,5,0.767 ± 0.008,0.7670948607782752,0.008355598577961056,0.732 ± 0.009,0.7318327974276527,0.009193555276846158,0.536 ± 0.012,0.5355770942139573,0.011728648395880477,0.622 ± 0.010,0.6221819274137973,0.00968813863513502,0.544 ± 0.013,0.5442734655323482,0.012572676999863388,0.954 ± 0.002,0.9540192926045016,0.002438223615450635,5,143,2967,3115,pub_009_goemotions715_llama
goemotions,Mistral Small 4,mistralai/mistral-small-2603,zero-shot,5,0.770 ± 0.008,0.7698215155199891,0.007569777500505791,0.766 ± 0.005,0.7655948553054662,0.005258979817940867,0.542 ± 0.018,0.5417684469321835,0.018056753470154098,0.623 ± 0.012,0.6229070987152888,0.012224401104786755,0.561 ± 0.011,0.5614821010467994,0.010630387056488154,0.995 ± 0.003,0.9945337620578778,0.0033338330150044795,5,17,3093,3115,pub_006_goemotions715_mistral
goemotions,Mistral Small 4,mistralai/mistral-small-2603,zero-shot-cot,5,0.746 ± 0.007,0.7457086933609612,0.007194814097229988,0.741 ± 0.008,0.7411575562700965,0.007793697519961952,0.499 ± 0.007,0.4994980417566496,0.006844318363372339,0.633 ± 0.016,0.6328341961109689,0.0156895706124157,0.536 ± 0.010,0.5357184554442761,0.01042727561263861,0.994 ± 0.001,0.9938906752411576,0.0013451125828522511,5,19,3091,3115,pub_006_goemotions715_mistral
goemotions,Mistral Small 4,mistralai/mistral-small-2603,one-shot-cot,5,0.786 ± 0.005,0.7859915270404414,0.00459888274355493,0.783 ± 0.005,0.7829581993569132,0.004687260365631281,0.592 ± 0.011,0.5923855776193528,0.010919958080691673,0.617 ± 0.006,0.6167822798359179,0.005521038540546186,0.594 ± 0.008,0.5939915303053398,0.007854789430695296,0.996 ± 0.002,0.9961414790996784,0.0018330794615741973,5,12,3098,3115,pub_006_goemotions715_mistral
goemotions,Phi-4,microsoft/phi-4,zero-shot,5,0.784 ± 0.008,0.7844695688710235,0.007636572682859251,0.736 ± 0.016,0.7363344051446945,0.016356101245478906,0.583 ± 0.026,0.5828500413149804,0.025522872448036173,0.551 ± 0.013,0.5511195730007088,0.012891599476893825,0.534 ± 0.016,0.5342167475629712,0.01607674910909276,0.939 ± 0.015,0.9385852090032154,0.014839846635645412,5,191,2919,3115,pub_008_goemotions715_phi
goemotions,Phi-4,microsoft/phi-4,zero-shot-cot,5,0.809 ± 0.003,0.8093942491689399,0.0034695742075131356,0.762 ± 0.009,0.7617363344051447,0.008980218677664915,0.635 ± 0.019,0.6354938066686071,0.01868184748618295,0.577 ± 0.013,0.576730483364411,0.012890323762744982,0.563 ± 0.011,0.5634450672424287,0.010502110010698916,0.941 ± 0.014,0.9411575562700965,0.014043387653969428,5,183,2927,3115,pub_008_goemotions715_phi
goemotions,Phi-4,microsoft/phi-4,one-shot-cot,5,0.801 ± 0.004,0.801109875173576,0.004444231537852046,0.673 ± 0.126,0.6729903536977492,0.12575492406824382,0.647 ± 0.030,0.6473434673014453,0.029822135257105815,0.550 ± 0.056,0.5497701272211638,0.05618984836166755,0.541 ± 0.049,0.5405767162372719,0.04938845297573555,0.840 ± 0.154,0.8395498392282958,0.15429644994130826,5,499,2611,3115,pub_008_goemotions715_phi
goemotions,Qwen 3.5 27B,qwen/qwen3.5-27b,zero-shot,5,0.786 ± 0.001,0.7861736334405145,0.0011368276224863994,0.786 ± 0.001,0.7861736334405145,0.0011368276224863994,0.594 ± 0.007,0.5941050700220132,0.007376941282802242,0.565 ± 0.007,0.5651787046831537,0.007140206775768795,0.572 ± 0.007,0.5723065392144198,0.007119650273846356,1.000 ± 0.000,1.0,0.0,5,0,3110,3115,pub_007_goemotions715_qwen
goemotions,Qwen 3.5 27B,qwen/qwen3.5-27b,zero-shot-cot,5,0.790 ± 0.002,0.7897106109324759,0.0020962065611583873,0.790 ± 0.002,0.7897106109324759,0.0020962065611583873,0.607 ± 0.004,0.6073859108157097,0.004160155051606826,0.566 ± 0.008,0.5661420778628171,0.007895073335316952,0.579 ± 0.006,0.5792887817555721,0.005994848724628576,1.000 ± 0.000,1.0,0.0,5,0,3110,3115,pub_007_goemotions715_qwen
goemotions,Qwen 3.5 27B,qwen/qwen3.5-27b,one-shot-cot,5,0.773 ± 0.000,0.7725806451612903,0.0,0.770 ± 0.000,0.770096463022508,0.0,0.559 ± 0.000,0.5589820565907523,0.0,0.585 ± 0.000,0.5853536510581184,0.0,0.567 ± 0.000,0.5672938901060525,0.0,0.997 ± 0.000,0.9967845659163987,0.0,5,10,3100,3115,pub_007_goemotions715_qwen
