dataset,family,model,strategy_A,strategy_B,n_items,A_majority_correct,B_majority_correct,b_A_correct_B_wrong,c_A_wrong_B_correct,discordant,diff_majority_acc,p_exact,p_holm,holm_significant_0.05,family_size
dreaddit,RQ3-mcnemar-dreaddit,Gemma 4 31B,zero-shot,zero-shot-CoT,699,487,470,20,3,23,0.024320457796852647,0.00048828125,0.0048828125,True,15
dreaddit,RQ3-mcnemar-dreaddit,Gemma 4 31B,zero-shot,one-shot-CoT,699,487,469,20,2,22,0.02575107296137339,0.00012111663818359375,0.001453399658203125,True,15
dreaddit,RQ3-mcnemar-dreaddit,Gemma 4 31B,zero-shot-CoT,one-shot-CoT,699,470,469,7,6,13,0.001430615164520744,1.0,1.0,False,15
dreaddit,RQ3-mcnemar-dreaddit,Llama 4 Scout,zero-shot,zero-shot-CoT,699,517,521,19,23,42,-0.005722460658082976,0.6439689563703723,1.0,False,15
dreaddit,RQ3-mcnemar-dreaddit,Llama 4 Scout,zero-shot,one-shot-CoT,699,517,522,18,23,41,-0.00715307582260372,0.5327092552361137,1.0,False,15
dreaddit,RQ3-mcnemar-dreaddit,Llama 4 Scout,zero-shot-CoT,one-shot-CoT,699,521,522,22,23,45,-0.001430615164520744,1.0,1.0,False,15
dreaddit,RQ3-mcnemar-dreaddit,Mistral Small 4,zero-shot,zero-shot-CoT,699,481,462,29,10,39,0.027181688125894134,0.0033778479119064286,0.030400631207157858,True,15
dreaddit,RQ3-mcnemar-dreaddit,Mistral Small 4,zero-shot,one-shot-CoT,699,481,468,23,10,33,0.01859799713876967,0.03508203336969018,0.26394094741180946,False,15
dreaddit,RQ3-mcnemar-dreaddit,Mistral Small 4,zero-shot-CoT,one-shot-CoT,699,462,468,11,17,28,-0.008583690987124463,0.34492845088243484,1.0,False,15
dreaddit,RQ3-mcnemar-dreaddit,Phi-4,zero-shot,zero-shot-CoT,699,527,492,62,27,89,0.05007153075822604,0.0002655853429874699,0.002921438772862169,True,15
dreaddit,RQ3-mcnemar-dreaddit,Phi-4,zero-shot,one-shot-CoT,699,527,512,48,33,81,0.02145922746781116,0.11927366831176445,0.7156420098705867,False,15
dreaddit,RQ3-mcnemar-dreaddit,Phi-4,zero-shot-CoT,one-shot-CoT,699,492,512,30,50,80,-0.02861230329041488,0.03299261842647618,0.26394094741180946,False,15
dreaddit,RQ3-mcnemar-dreaddit,Qwen3.5 27B,zero-shot,zero-shot-CoT,699,483,422,71,10,81,0.08726752503576538,1.7993441704367062e-12,2.6990162556550592e-11,True,15
dreaddit,RQ3-mcnemar-dreaddit,Qwen3.5 27B,zero-shot,one-shot-CoT,699,483,452,42,11,53,0.044349070100143065,2.2475594023241285e-05,0.000314658316325378,True,15
dreaddit,RQ3-mcnemar-dreaddit,Qwen3.5 27B,zero-shot-CoT,one-shot-CoT,699,422,452,12,42,54,-0.04291845493562232,5.2094472007935266e-05,0.0006772281361031585,True,15
goemotions,RQ3-mcnemar-goemotions,Gemma 4 31B,zero-shot,zero-shot-CoT,622,510,508,5,3,8,0.003215434083601286,0.7265625,1.0,False,15
goemotions,RQ3-mcnemar-goemotions,Gemma 4 31B,zero-shot,one-shot-CoT,622,510,506,6,2,8,0.006430868167202572,0.2890625,1.0,False,15
goemotions,RQ3-mcnemar-goemotions,Gemma 4 31B,zero-shot-CoT,one-shot-CoT,622,508,506,7,5,12,0.003215434083601286,0.7744140625,1.0,False,15
goemotions,RQ3-mcnemar-goemotions,Llama 4 Scout,zero-shot,zero-shot-CoT,622,436,425,40,29,69,0.017684887459807074,0.22840022535329696,1.0,False,15
goemotions,RQ3-mcnemar-goemotions,Llama 4 Scout,zero-shot,one-shot-CoT,622,436,459,31,54,85,-0.03697749196141479,0.016508822028535212,0.19810586434242256,False,15
goemotions,RQ3-mcnemar-goemotions,Llama 4 Scout,zero-shot-CoT,one-shot-CoT,622,425,459,24,58,82,-0.05466237942122187,0.0002219640349933781,0.0028855324549139152,True,15
goemotions,RQ3-mcnemar-goemotions,Mistral Small 4,zero-shot,zero-shot-CoT,622,481,460,24,3,27,0.03376205787781351,4.9233436584472656e-05,0.0006892681121826172,True,15
goemotions,RQ3-mcnemar-goemotions,Mistral Small 4,zero-shot,one-shot-CoT,622,481,492,13,24,37,-0.017684887459807074,0.09887174959294498,0.9887174959294498,False,15
goemotions,RQ3-mcnemar-goemotions,Mistral Small 4,zero-shot-CoT,one-shot-CoT,622,460,492,13,45,58,-0.05144694533762058,3.0115909629119253e-05,0.0004517386444367888,True,15
goemotions,RQ3-mcnemar-goemotions,Phi-4,zero-shot,zero-shot-CoT,622,479,483,15,19,34,-0.006430868167202572,0.6075913612730801,1.0,False,15
goemotions,RQ3-mcnemar-goemotions,Phi-4,zero-shot,one-shot-CoT,622,479,481,22,24,46,-0.003215434083601286,0.8829959121223965,1.0,False,15
goemotions,RQ3-mcnemar-goemotions,Phi-4,zero-shot-CoT,one-shot-CoT,622,483,481,23,21,44,0.003215434083601286,0.880395821280672,1.0,False,15
goemotions,RQ3-mcnemar-goemotions,Qwen3.5 27B,zero-shot,zero-shot-CoT,622,489,490,4,5,9,-0.001607717041800643,1.0,1.0,False,15
goemotions,RQ3-mcnemar-goemotions,Qwen3.5 27B,zero-shot,one-shot-CoT,622,489,479,21,11,32,0.01607717041800643,0.11018416518345475,0.9916574866510928,False,15
goemotions,RQ3-mcnemar-goemotions,Qwen3.5 27B,zero-shot-CoT,one-shot-CoT,622,490,479,21,10,31,0.017684887459807074,0.07075554598122835,0.7783110057935119,False,15
