dataset,family,metric,model,strategy_A,strategy_B,n_items,A_mean,A_sd,B_mean,B_sd,diff_A_minus_B,ci_low,ci_high,p_perm,direction,A_invalid_outputs_5runs,B_invalid_outputs_5runs,A_evaluability,B_evaluability,diff_evaluability_A_minus_B,diff_evaluability_ci_low,diff_evaluability_ci_high,p_holm,holm_significant_0.05,family_size
dreaddit,RQ3-primary-dreaddit,acc_eff,Gemma 4 31B,zero-shot,zero-shot-CoT,699,0.6932761087267524,0.003995490713524722,0.6746781115879829,0.0007835801967170119,0.01859799713876953,0.00944206008583703,0.028040057224606566,9.999000099990002e-05,A higher,0,0,1.0,1.0,0.0,0.0,0.0,0.0029997000299970007,True,30
dreaddit,RQ3-primary-dreaddit,macro_f1,Gemma 4 31B,zero-shot,zero-shot-CoT,699,0.6747885609092774,0.0049082151777981465,0.6503384882210532,0.0008743185307506645,0.02445007268822419,0.014109629777913184,0.03570898557754647,9.999000099990002e-05,A higher,0,0,1.0,1.0,0.0,0.0,0.0,0.0029997000299970007,True,30
dreaddit,RQ3-primary-dreaddit,acc_eff,Gemma 4 31B,zero-shot,one-shot-CoT,699,0.6932761087267524,0.003995490713524722,0.6755364806866953,0.00642981546616431,0.01773962804005713,0.008869814020028621,0.027753934191702356,0.0004999500049995,A higher,0,0,1.0,1.0,0.0,0.0,0.0,0.0084991500849915,True,30
dreaddit,RQ3-primary-dreaddit,macro_f1,Gemma 4 31B,zero-shot,one-shot-CoT,699,0.6747885609092774,0.0049082151777981465,0.6509535051638565,0.008002400906831452,0.023835055745420886,0.013184214319256468,0.035583246685383645,9.999000099990002e-05,A higher,0,0,1.0,1.0,0.0,0.0,0.0,0.0029997000299970007,True,30
dreaddit,RQ3-primary-dreaddit,acc_eff,Gemma 4 31B,zero-shot-CoT,one-shot-CoT,699,0.6746781115879829,0.0007835801967170119,0.6755364806866953,0.00642981546616431,-0.0008583690987123971,-0.0074391988555078115,0.005722460658082909,0.8651134886511349,B higher,0,0,1.0,1.0,0.0,0.0,0.0,1.0,False,30
dreaddit,RQ3-primary-dreaddit,macro_f1,Gemma 4 31B,zero-shot-CoT,one-shot-CoT,699,0.6503384882210532,0.0008743185307506645,0.6509535051638565,0.008002400906831452,-0.0006150169428033037,-0.008381376499658677,0.00711070580535305,0.8719128087191281,B higher,0,0,1.0,1.0,0.0,0.0,0.0,1.0,False,30
dreaddit,RQ3-primary-dreaddit,acc_eff,Llama 4 Scout,zero-shot,zero-shot-CoT,699,0.7296137339055795,0.002676435898979934,0.7330472103004293,0.004914324474196745,-0.0034334763948498104,-0.01659513590844064,0.010300429184549213,0.6537346265373463,B higher,106,52,0.9696709585121603,0.9851216022889844,-0.015450643776824036,-0.022889842632331958,-0.008011444921316335,1.0,False,30
dreaddit,RQ3-primary-dreaddit,macro_f1,Llama 4 Scout,zero-shot,zero-shot-CoT,699,0.7519102169805155,0.005020302023294915,0.742368908497946,0.0047915493480330884,0.00954130848256951,-0.003157182746777751,0.0223993742190366,0.14508549145085492,A higher,106,52,0.9696709585121603,0.9851216022889844,-0.015450643776824036,-0.022889842632331958,-0.008011444921316335,1.0,False,30
dreaddit,RQ3-primary-dreaddit,acc_eff,Llama 4 Scout,zero-shot,one-shot-CoT,699,0.7296137339055795,0.002676435898979934,0.7502145922746781,0.004914324474196743,-0.02060085836909864,-0.03490701001430596,-0.006294706723891319,0.006099390060993901,B higher,106,8,0.9696709585121603,0.9977110157367669,-0.028040057224606563,-0.03519313304721017,-0.021173104434907053,0.09759024097590241,False,30
dreaddit,RQ3-primary-dreaddit,macro_f1,Llama 4 Scout,zero-shot,one-shot-CoT,699,0.7519102169805155,0.005020302023294915,0.7509902471599942,0.004527127960211719,0.000919969820521338,-0.013104098793098286,0.014924249302030219,0.9003099690030997,A higher,106,8,0.9696709585121603,0.9977110157367669,-0.028040057224606563,-0.03519313304721017,-0.021173104434907053,1.0,False,30
dreaddit,RQ3-primary-dreaddit,acc_eff,Llama 4 Scout,zero-shot-CoT,one-shot-CoT,699,0.7330472103004293,0.004914324474196745,0.7502145922746781,0.004914324474196743,-0.01716738197424883,-0.03032904148783966,-0.0037195994277537947,0.012898710128987101,B higher,52,8,0.9851216022889844,0.9977110157367669,-0.012589413447782527,-0.01716738197424894,-0.00829756795422032,0.1805819418058194,False,30
dreaddit,RQ3-primary-dreaddit,macro_f1,Llama 4 Scout,zero-shot-CoT,one-shot-CoT,699,0.742368908497946,0.0047915493480330884,0.7509902471599942,0.004527127960211719,-0.008621338662048172,-0.0217612398324071,0.004711975969543575,0.20307969203079693,B higher,52,8,0.9851216022889844,0.9977110157367669,-0.012589413447782527,-0.01716738197424894,-0.00829756795422032,1.0,False,30
dreaddit,RQ3-primary-dreaddit,acc_eff,Mistral Small 4,zero-shot,zero-shot-CoT,699,0.6861230329041488,0.0035908155645239487,0.6609442060085837,0.004170924102178337,0.025178826895565054,0.012582260371959822,0.03806151645207453,0.00019998000199980003,A higher,1,1,0.9997138769670958,0.9997138769670958,0.0,0.0,0.0,0.004199580041995801,True,30
dreaddit,RQ3-primary-dreaddit,macro_f1,Mistral Small 4,zero-shot,zero-shot-CoT,699,0.665674216808337,0.004097540738504033,0.6311545867466248,0.004154476697261509,0.034519630061712214,0.01961776813599794,0.05008333319022401,0.00019998000199980003,A higher,1,1,0.9997138769670958,0.9997138769670958,0.0,0.0,0.0,0.004199580041995801,True,30
dreaddit,RQ3-primary-dreaddit,acc_eff,Mistral Small 4,zero-shot,one-shot-CoT,699,0.6861230329041488,0.0035908155645239487,0.6735336194563663,0.005295209019548441,0.012589413447782527,0.0011373390557937897,0.024320457796852657,0.0364963503649635,A higher,1,0,0.9997138769670958,1.0,-0.0002861230329042064,-0.0008583690987122861,0.0,0.36496350364963503,False,30
dreaddit,RQ3-primary-dreaddit,macro_f1,Mistral Small 4,zero-shot,one-shot-CoT,699,0.665674216808337,0.004097540738504033,0.6480665528019267,0.006108516432537891,0.01760766400641034,0.004183084488366507,0.03151613621271155,0.0105989401059894,A higher,1,0,0.9997138769670958,1.0,-0.0002861230329042064,-0.0008583690987122861,0.0,0.158984101589841,False,30
dreaddit,RQ3-primary-dreaddit,acc_eff,Mistral Small 4,zero-shot-CoT,one-shot-CoT,699,0.6609442060085837,0.004170924102178337,0.6735336194563663,0.005295209019548441,-0.012589413447782527,-0.023748211731044466,-0.0014306151645208098,0.030396960303969604,B higher,1,0,0.9997138769670958,1.0,-0.0002861230329042064,-0.0008583690987122861,0.0,0.33436656334366566,False,30
dreaddit,RQ3-primary-dreaddit,macro_f1,Mistral Small 4,zero-shot-CoT,one-shot-CoT,699,0.6311545867466248,0.004154476697261509,0.6480665528019267,0.006108516432537891,-0.016911966055301875,-0.03057162171722461,-0.0038286817372284628,0.013298670132986702,B higher,1,0,0.9997138769670958,1.0,-0.0002861230329042064,-0.0008583690987122861,0.0,0.1805819418058194,False,30
dreaddit,RQ3-primary-dreaddit,acc_eff,Phi-4,zero-shot,zero-shot-CoT,699,0.7221745350500717,0.01641782838677512,0.7001430615164521,0.002169635320186428,0.02203147353361956,0.002861230329041506,0.040915593705293296,0.026197380261973803,A higher,106,29,0.9696709585121603,0.9917024320457797,-0.02203147353361934,-0.028612303290414864,-0.015450643776824147,0.31436856314368566,False,30
dreaddit,RQ3-primary-dreaddit,macro_f1,Phi-4,zero-shot,zero-shot-CoT,699,0.7438704558724477,0.012616661259696078,0.6963668366379043,0.0038191256163047937,0.04750361923454338,0.029239686008335385,0.06574822502992043,9.999000099990002e-05,A higher,106,29,0.9696709585121603,0.9917024320457797,-0.02203147353361934,-0.028612303290414864,-0.015450643776824147,0.0029997000299970007,True,30
dreaddit,RQ3-primary-dreaddit,acc_eff,Phi-4,zero-shot,one-shot-CoT,699,0.7221745350500717,0.01641782838677512,0.7298998569384836,0.010136188603100657,-0.007725321888411907,-0.023462088698140152,0.00829756795422032,0.3628637136286371,B higher,106,16,0.9696709585121603,0.9954220314735336,-0.025751072961373245,-0.03233190271816877,-0.019456366237482255,1.0,False,30
dreaddit,RQ3-primary-dreaddit,macro_f1,Phi-4,zero-shot,one-shot-CoT,699,0.7438704558724477,0.012616661259696078,0.7302289816890731,0.010060592869033476,0.01364147418337458,-0.002053505661902832,0.02963489432074267,0.08969103089691031,A higher,106,16,0.9696709585121603,0.9954220314735336,-0.025751072961373245,-0.03233190271816877,-0.019456366237482255,0.8072192780721928,False,30
dreaddit,RQ3-primary-dreaddit,acc_eff,Phi-4,zero-shot-CoT,one-shot-CoT,699,0.7001430615164521,0.002169635320186428,0.7298998569384836,0.010136188603100657,-0.029756795422031468,-0.04549356223175982,-0.01373390557939913,0.00039996000399960006,B higher,29,16,0.9917024320457797,0.9954220314735336,-0.0037195994277539057,-0.007153075822603827,-0.0002861230329042064,0.007199280071992801,True,30
dreaddit,RQ3-primary-dreaddit,macro_f1,Phi-4,zero-shot-CoT,one-shot-CoT,699,0.6963668366379043,0.0038191256163047937,0.7302289816890731,0.010060592869033476,-0.0338621450511688,-0.050223949669899265,-0.017860035772304356,0.00029997000299970003,B higher,29,16,0.9917024320457797,0.9954220314735336,-0.0037195994277539057,-0.007153075822603827,-0.0002861230329042064,0.005699430056994301,True,30
dreaddit,RQ3-primary-dreaddit,acc_eff,Qwen3.5 27B,zero-shot,zero-shot-CoT,699,0.6909871244635193,0.0014306151645207543,0.6022889842632331,0.004851452062321368,0.08869814020028621,0.06552217453505005,0.11216022889842625,9.999000099990002e-05,A higher,7,269,0.9979971387696709,0.923032904148784,0.07496423462088686,0.05665236051502143,0.09356223175965672,0.0029997000299970007,True,30
dreaddit,RQ3-primary-dreaddit,macro_f1,Qwen3.5 27B,zero-shot,zero-shot-CoT,699,0.6742359990721312,0.0011813256828217538,0.5982581549774357,0.006094133401280871,0.07597784409469543,0.05150713357508028,0.10097943647520077,9.999000099990002e-05,A higher,7,269,0.9979971387696709,0.923032904148784,0.07496423462088686,0.05665236051502143,0.09356223175965672,0.0029997000299970007,True,30
dreaddit,RQ3-primary-dreaddit,acc_eff,Qwen3.5 27B,zero-shot,one-shot-CoT,699,0.6909871244635193,0.0014306151645207543,0.6474964234620887,0.0016311522533607,0.0434907010014306,0.024892703862660955,0.06266094420600865,9.999000099990002e-05,A higher,7,4,0.9979971387696709,0.9988555078683834,-0.0008583690987125081,-0.002288984263233318,0.0,0.0029997000299970007,True,30
dreaddit,RQ3-primary-dreaddit,macro_f1,Qwen3.5 27B,zero-shot,one-shot-CoT,699,0.6742359990721312,0.0011813256828217538,0.6104690746345106,0.0019913781845424146,0.06376692443762055,0.041658377302976994,0.08707445203231903,9.999000099990002e-05,A higher,7,4,0.9979971387696709,0.9988555078683834,-0.0008583690987125081,-0.002288984263233318,0.0,0.0029997000299970007,True,30
dreaddit,RQ3-primary-dreaddit,acc_eff,Qwen3.5 27B,zero-shot-CoT,one-shot-CoT,699,0.6022889842632331,0.004851452062321368,0.6474964234620887,0.0016311522533607,-0.045207439198855615,-0.06552217453505005,-0.024892703862660955,9.999000099990002e-05,B higher,269,4,0.923032904148784,0.9988555078683834,-0.07582260371959937,-0.09442775393419171,-0.057510729613733935,0.0029997000299970007,True,30
dreaddit,RQ3-primary-dreaddit,macro_f1,Qwen3.5 27B,zero-shot-CoT,one-shot-CoT,699,0.5982581549774357,0.006094133401280871,0.6104690746345106,0.0019913781845424146,-0.012210919657074881,-0.035637966523992724,0.01141950476883028,0.29387061293870614,B higher,269,4,0.923032904148784,0.9988555078683834,-0.07582260371959937,-0.09442775393419171,-0.057510729613733935,1.0,False,30
goemotions,RQ3-primary-goemotions,acc_eff,Gemma 4 31B,zero-shot,zero-shot-CoT,622,0.8196141479099678,0.0038383718283965607,0.8173633440514468,0.00370124258302939,0.0022508038585209444,-0.004501607717041889,0.009967845659163976,0.6032396760323968,A higher,0,0,1.0,1.0,0.0,0.0,0.0,1.0,False,30
goemotions,RQ3-primary-goemotions,macro_f1,Gemma 4 31B,zero-shot,zero-shot-CoT,622,0.593168632243216,0.007130058567223843,0.5832331018745835,0.008158389809850154,0.009935530368632484,-0.00045237141470362265,0.0225649712083796,0.08359164083591641,A higher,0,0,1.0,1.0,0.0,0.0,0.0,1.0,False,30
goemotions,RQ3-primary-goemotions,acc_eff,Gemma 4 31B,zero-shot,one-shot-CoT,622,0.8196141479099678,0.0038383718283965607,0.8131832797427652,0.0028759716752408925,0.006430868167202619,0.0006430868167202064,0.012861736334405127,0.047795220477952205,A higher,0,7,1.0,0.9977491961414791,0.0022508038585209444,0.0006430868167202064,0.004180064308681564,0.8125187481251874,False,30
goemotions,RQ3-primary-goemotions,macro_f1,Gemma 4 31B,zero-shot,one-shot-CoT,622,0.593168632243216,0.007130058567223843,0.5852249796240192,0.005499393827586275,0.007943652619196828,-0.007051199741465719,0.02354555285231418,0.3063693630636936,A higher,0,7,1.0,0.9977491961414791,0.0022508038585209444,0.0006430868167202064,0.004180064308681564,1.0,False,30
goemotions,RQ3-primary-goemotions,acc_eff,Gemma 4 31B,zero-shot-CoT,one-shot-CoT,622,0.8173633440514468,0.00370124258302939,0.8131832797427652,0.0028759716752408925,0.004180064308681675,-0.003215434083601254,0.0112540192926045,0.30696930306969306,A higher,0,7,1.0,0.9977491961414791,0.0022508038585209444,0.0006430868167202064,0.004180064308681564,1.0,False,30
goemotions,RQ3-primary-goemotions,macro_f1,Gemma 4 31B,zero-shot-CoT,one-shot-CoT,622,0.5832331018745835,0.008158389809850154,0.5852249796240192,0.005499393827586275,-0.0019918777494356554,-0.017809691493429244,0.014321768730995504,0.8048195180481952,B higher,0,7,1.0,0.9977491961414791,0.0022508038585209444,0.0006430868167202064,0.004180064308681564,1.0,False,30
goemotions,RQ3-primary-goemotions,acc_eff,Llama 4 Scout,zero-shot,zero-shot-CoT,622,0.7003215434083601,0.00840022538753255,0.682636655948553,0.009207601969952635,0.01768488745980701,-0.002572347266880828,0.03826366559485517,0.0866913308669133,A higher,113,193,0.9636655948553055,0.9379421221864952,0.025723472668810254,0.014469453376205754,0.03762057877813507,1.0,False,30
goemotions,RQ3-primary-goemotions,macro_f1,Llama 4 Scout,zero-shot,zero-shot-CoT,622,0.520165100110112,0.017462571056267563,0.529616441250114,0.013422885771963303,-0.009451341140002012,-0.039670879281317635,0.02176469902269795,0.5257474252574742,B higher,113,193,0.9636655948553055,0.9379421221864952,0.025723472668810254,0.014469453376205754,0.03762057877813507,1.0,False,30
goemotions,RQ3-primary-goemotions,acc_eff,Llama 4 Scout,zero-shot,one-shot-CoT,622,0.7003215434083601,0.00840022538753255,0.7318327974276527,0.009193555276846158,-0.03151125401929267,-0.05498392282958198,-0.007717041800643032,0.0081991800819918,B higher,113,143,0.9636655948553055,0.9540192926045016,0.009646302250803873,-0.0012861736334404156,0.02154340836012858,0.18858114188581143,False,30
goemotions,RQ3-primary-goemotions,macro_f1,Llama 4 Scout,zero-shot,one-shot-CoT,622,0.520165100110112,0.017462571056267563,0.5442734655323482,0.012572676999863388,-0.024108365422236266,-0.06319021240233118,0.01722540810124338,0.20607939206079393,B higher,113,143,0.9636655948553055,0.9540192926045016,0.009646302250803873,-0.0012861736334404156,0.02154340836012858,1.0,False,30
goemotions,RQ3-primary-goemotions,acc_eff,Llama 4 Scout,zero-shot-CoT,one-shot-CoT,622,0.682636655948553,0.009207601969952635,0.7318327974276527,0.009193555276846158,-0.049196141479099675,-0.07139067524115768,-0.02636655948553057,0.00019998000199980003,B higher,193,143,0.9379421221864952,0.9540192926045016,-0.01607717041800638,-0.027652733118970985,-0.004823151125401992,0.0053994600539946005,True,30
goemotions,RQ3-primary-goemotions,macro_f1,Llama 4 Scout,zero-shot-CoT,one-shot-CoT,622,0.529616441250114,0.013422885771963303,0.5442734655323482,0.012572676999863388,-0.014657024282234254,-0.05748334258718555,0.027821887003324032,0.5067493250674933,B higher,193,143,0.9379421221864952,0.9540192926045016,-0.01607717041800638,-0.027652733118970985,-0.004823151125401992,1.0,False,30
goemotions,RQ3-primary-goemotions,acc_eff,Mistral Small 4,zero-shot,zero-shot-CoT,622,0.7655948553054662,0.005258979817940867,0.7411575562700965,0.007793697519961952,0.02443729903536973,0.011575562700964714,0.03858520900321538,0.0004999500049995,A higher,17,19,0.9945337620578778,0.9938906752411576,0.0006430868167202064,-0.002893890675241262,0.004501607717041778,0.0124987501249875,True,30
goemotions,RQ3-primary-goemotions,macro_f1,Mistral Small 4,zero-shot,zero-shot-CoT,622,0.5614821010467994,0.010630387056488121,0.5357184554442762,0.010427275612638582,0.0257636456025232,0.002720553886481948,0.04959005753776593,0.023997600239976002,A higher,17,19,0.9945337620578778,0.9938906752411576,0.0006430868167202064,-0.002893890675241262,0.004501607717041778,0.527947205279472,False,30
goemotions,RQ3-primary-goemotions,acc_eff,Mistral Small 4,zero-shot,one-shot-CoT,622,0.7655948553054662,0.005258979817940867,0.7829581993569132,0.004687260365631281,-0.017363344051447016,-0.03216237942122198,-0.0022427652733118045,0.026497350264973504,B higher,17,12,0.9945337620578778,0.9961414790996784,-0.001607717041800627,-0.004823151125401992,0.0012942122186496584,0.545945405459454,False,30
goemotions,RQ3-primary-goemotions,macro_f1,Mistral Small 4,zero-shot,one-shot-CoT,622,0.5614821010467994,0.010630387056488121,0.5939915303053398,0.007854789430695324,-0.03250942925854039,-0.06829228392906996,0.002644317216579147,0.036896310368963105,B higher,17,12,0.9945337620578778,0.9961414790996784,-0.001607717041800627,-0.004823151125401992,0.0012942122186496584,0.6641335866413359,False,30
goemotions,RQ3-primary-goemotions,acc_eff,Mistral Small 4,zero-shot-CoT,one-shot-CoT,622,0.7411575562700965,0.007793697519961952,0.7829581993569132,0.004687260365631281,-0.04180064308681675,-0.05980707395498397,-0.02443729903536984,9.999000099990002e-05,B higher,19,12,0.9938906752411576,0.9961414790996784,-0.0022508038585208334,-0.005787781350482302,0.0003215434083602142,0.0029997000299970007,True,30
goemotions,RQ3-primary-goemotions,macro_f1,Mistral Small 4,zero-shot-CoT,one-shot-CoT,622,0.5357184554442762,0.010427275612638582,0.5939915303053398,0.007854789430695324,-0.05827307486106359,-0.09989109916566384,-0.016435369098392293,0.0020997900209979003,B higher,19,12,0.9938906752411576,0.9961414790996784,-0.0022508038585208334,-0.005787781350482302,0.0003215434083602142,0.05039496050394961,False,30
goemotions,RQ3-primary-goemotions,acc_eff,Phi-4,zero-shot,zero-shot-CoT,622,0.7363344051446945,0.016356101245478906,0.7617363344051447,0.008980218677664915,-0.02540192926045015,-0.03826366559485528,-0.012540192926044913,0.00019998000199980003,B higher,191,183,0.9385852090032154,0.9411575562700965,-0.0025723472668810476,-0.013826366559485548,0.009003215434083556,0.0053994600539946005,True,30
goemotions,RQ3-primary-goemotions,macro_f1,Phi-4,zero-shot,zero-shot-CoT,622,0.5342167475629713,0.01607674910909284,0.5634450672424287,0.010502110010698916,-0.029228319679457382,-0.05561592221374753,-0.002964164024589738,0.025997400259974,B higher,191,183,0.9385852090032154,0.9411575562700965,-0.0025723472668810476,-0.013826366559485548,0.009003215434083556,0.545945405459454,False,30
goemotions,RQ3-primary-goemotions,acc_eff,Phi-4,zero-shot,one-shot-CoT,622,0.7363344051446945,0.016356101245478906,0.6729903536977492,0.12575492406824382,0.06334405144694533,0.046302250803858525,0.08102893890675245,9.999000099990002e-05,A higher,191,499,0.9385852090032154,0.8395498392282958,0.09903536977491956,0.08392282958199382,0.11414790996784563,0.0029997000299970007,True,30
goemotions,RQ3-primary-goemotions,macro_f1,Phi-4,zero-shot,one-shot-CoT,622,0.5342167475629713,0.01607674910909284,0.5405767162372718,0.04938845297573557,-0.0063599686743004424,-0.04189941856096502,0.03236111561499459,0.7218278172182782,B higher,191,499,0.9385852090032154,0.8395498392282958,0.09903536977491956,0.08392282958199382,0.11414790996784563,1.0,False,30
goemotions,RQ3-primary-goemotions,acc_eff,Phi-4,zero-shot-CoT,one-shot-CoT,622,0.7617363344051447,0.008980218677664915,0.6729903536977492,0.12575492406824382,0.08874598070739548,0.07170418006430879,0.10610932475884227,9.999000099990002e-05,A higher,183,499,0.9411575562700965,0.8395498392282958,0.1016077170418006,0.08553054662379422,0.117363344051447,0.0029997000299970007,True,30
goemotions,RQ3-primary-goemotions,macro_f1,Phi-4,zero-shot-CoT,one-shot-CoT,622,0.5634450672424287,0.010502110010698916,0.5405767162372718,0.04938845297573557,0.02286835100515694,-0.006756428191532803,0.054396427608020353,0.1551844815518448,A higher,183,499,0.9411575562700965,0.8395498392282958,0.1016077170418006,0.08553054662379422,0.117363344051447,1.0,False,30
goemotions,RQ3-primary-goemotions,acc_eff,Qwen3.5 27B,zero-shot,zero-shot-CoT,622,0.7861736334405145,0.0011368276224863994,0.7897106109324759,0.0020962065611583873,-0.0035369774919613572,-0.011897106109324707,0.004823151125401992,0.45715428457154283,B higher,0,0,1.0,1.0,0.0,0.0,0.0,1.0,False,30
goemotions,RQ3-primary-goemotions,macro_f1,Qwen3.5 27B,zero-shot,zero-shot-CoT,622,0.5723065392144198,0.007119650273846356,0.5792887817555722,0.00599484872462861,-0.006982242541152428,-0.025441060126788134,0.012393678993729736,0.4901509849015098,B higher,0,0,1.0,1.0,0.0,0.0,0.0,1.0,False,30
goemotions,RQ3-primary-goemotions,acc_eff,Qwen3.5 27B,zero-shot,one-shot-CoT,622,0.7861736334405145,0.0011368276224863994,0.770096463022508,0.0,0.016077170418006492,-0.0012861736334405266,0.03440514469453371,0.08539146085391461,A higher,0,10,1.0,0.9967845659163987,0.003215434083601254,0.0,0.008038585209003246,1.0,False,30
goemotions,RQ3-primary-goemotions,macro_f1,Qwen3.5 27B,zero-shot,one-shot-CoT,622,0.5723065392144198,0.007119650273846356,0.5672938901060525,0.0,0.005012649108367295,-0.020809791150686888,0.0349815223345543,0.7399260073992601,A higher,0,10,1.0,0.9967845659163987,0.003215434083601254,0.0,0.008038585209003246,1.0,False,30
goemotions,RQ3-primary-goemotions,acc_eff,Qwen3.5 27B,zero-shot-CoT,one-shot-CoT,622,0.7897106109324759,0.0020962065611583873,0.770096463022508,0.0,0.01961414790996785,0.003215434083601254,0.036977491961414866,0.027797220277972202,A higher,0,10,1.0,0.9967845659163987,0.003215434083601254,0.0,0.008038585209003246,0.545945405459454,False,30
goemotions,RQ3-primary-goemotions,macro_f1,Qwen3.5 27B,zero-shot-CoT,one-shot-CoT,622,0.5792887817555722,0.00599484872462861,0.5672938901060525,0.0,0.011994891649519723,-0.018228922840506295,0.04474146224302482,0.4510548945105489,A higher,0,10,1.0,0.9967845659163987,0.003215434083601254,0.0,0.008038585209003246,1.0,False,30
