dataset,model,strategy_A,strategy_B,A_acc_cond,A_sd,B_acc_cond,B_sd,diff_A_minus_B,ci_low,ci_high,A_valid_run_outcomes,B_valid_run_outcomes,note
dreaddit,Gemma 4 31B,zero-shot,zero-shot-CoT,0.6932761087267524,0.003995490713524722,0.6746781115879829,0.0007835801967170119,0.01859799713876953,0.00944206008583703,0.028040057224606566,3495,3495,conditional on each configuration's own valid predictions; denominators differ; NO TEST
dreaddit,Gemma 4 31B,zero-shot,one-shot-CoT,0.6932761087267524,0.003995490713524722,0.6755364806866953,0.00642981546616431,0.01773962804005713,0.008869814020028621,0.027753934191702356,3495,3495,conditional on each configuration's own valid predictions; denominators differ; NO TEST
dreaddit,Gemma 4 31B,zero-shot-CoT,one-shot-CoT,0.6746781115879829,0.0007835801967170119,0.6755364806866953,0.00642981546616431,-0.0008583690987123971,-0.0074391988555078115,0.005722460658082909,3495,3495,conditional on each configuration's own valid predictions; denominators differ; NO TEST
dreaddit,Llama 4 Scout,zero-shot,zero-shot-CoT,0.7524517148070454,0.005020575653316449,0.7441180891399372,0.004627965146483325,0.008333625667108269,-0.004314858611127073,0.021273239477780048,3389,3443,conditional on each configuration's own valid predictions; denominators differ; NO TEST
dreaddit,Llama 4 Scout,zero-shot,one-shot-CoT,0.7524517148070454,0.005020575653316449,0.7519335835529264,0.004449859641761497,0.0005181312541190364,-0.013424050819052362,0.01442109751963716,3389,3487,conditional on each configuration's own valid predictions; denominators differ; NO TEST
dreaddit,Llama 4 Scout,zero-shot-CoT,one-shot-CoT,0.7441180891399372,0.004627965146483325,0.7519335835529264,0.004449859641761497,-0.007815494412989232,-0.020837131343448733,0.005309572861595073,3443,3487,conditional on each configuration's own valid predictions; denominators differ; NO TEST
dreaddit,Mistral Small 4,zero-shot,zero-shot-CoT,0.6863181540555277,0.0032514655517586885,0.661131948629028,0.003858363633127929,0.02518620542649963,0.012582424339313919,0.03808312961948097,3494,3494,conditional on each configuration's own valid predictions; denominators differ; NO TEST
dreaddit,Mistral Small 4,zero-shot,one-shot-CoT,0.6863181540555277,0.0032514655517586885,0.6735336194563663,0.005295209019548441,0.012784534599161401,0.00133276144131464,0.024606580829756752,3494,3495,conditional on each configuration's own valid predictions; denominators differ; NO TEST
dreaddit,Mistral Small 4,zero-shot-CoT,one-shot-CoT,0.661131948629028,0.003858363633127929,0.6735336194563663,0.005295209019548441,-0.01240167082733823,-0.023672565645121307,-0.0012408024562309604,3494,3495,conditional on each configuration's own valid predictions; denominators differ; NO TEST
dreaddit,Phi-4,zero-shot,zero-shot-CoT,0.7447250405934643,0.012389979764971353,0.7060059095798868,0.0031383209675617603,0.03871913101357749,0.01979754153358649,0.057194249971492146,3389,3466,conditional on each configuration's own valid predictions; denominators differ; NO TEST
dreaddit,Phi-4,zero-shot,one-shot-CoT,0.7447250405934643,0.012389979764971353,0.7332533156179257,0.00984453313239527,0.01147172497553861,-0.003845032413145482,0.027024782822594885,3389,3479,conditional on each configuration's own valid predictions; denominators differ; NO TEST
dreaddit,Phi-4,zero-shot-CoT,one-shot-CoT,0.7060059095798868,0.0031383209675617603,0.7332533156179257,0.00984453313239527,-0.02724740603803888,-0.043088975637762886,-0.011267541124528836,3466,3479,conditional on each configuration's own valid predictions; denominators differ; NO TEST
dreaddit,Qwen3.5 27B,zero-shot,zero-shot-CoT,0.6923733725791664,0.0009631206530270267,0.6525057710930247,0.0035466450810044087,0.03986760148614177,0.02105255891283429,0.05879142993894959,3488,3226,conditional on each configuration's own valid predictions; denominators differ; NO TEST
dreaddit,Qwen3.5 27B,zero-shot,one-shot-CoT,0.6923733725791664,0.0009631206530270267,0.6482379658210051,0.0013814041277113336,0.0441354067581613,0.025350664917908963,0.06335597337311523,3488,3491,conditional on each configuration's own valid predictions; denominators differ; NO TEST
dreaddit,Qwen3.5 27B,zero-shot-CoT,one-shot-CoT,0.6525057710930247,0.0035466450810044087,0.6482379658210051,0.0013814041277113336,0.004267805272019531,-0.012066425257581255,0.02071917033823425,3226,3491,conditional on each configuration's own valid predictions; denominators differ; NO TEST
goemotions,Gemma 4 31B,zero-shot,zero-shot-CoT,0.8196141479099678,0.0038383718283965607,0.8173633440514468,0.00370124258302939,0.0022508038585209444,-0.004501607717041889,0.009967845659163976,3110,3110,conditional on each configuration's own valid predictions; denominators differ; NO TEST
goemotions,Gemma 4 31B,zero-shot,one-shot-CoT,0.8196141479099678,0.0038383718283965607,0.815024251237924,0.004103499235240679,0.004589896672043792,-0.0011289224386506645,0.010858953404532223,3110,3103,conditional on each configuration's own valid predictions; denominators differ; NO TEST
goemotions,Gemma 4 31B,zero-shot-CoT,one-shot-CoT,0.8173633440514468,0.00370124258302939,0.815024251237924,0.004103499235240679,0.0023390928135228473,-0.004828636894207835,0.00908302449527718,3110,3103,conditional on each configuration's own valid predictions; denominators differ; NO TEST
goemotions,Llama 4 Scout,zero-shot,zero-shot-CoT,0.7267161953435712,0.007066169366641249,0.7278089988123881,0.010308589396905677,-0.0010928034688169053,-0.01904753413001188,0.01730617620316794,2997,2917,conditional on each configuration's own valid predictions; denominators differ; NO TEST
goemotions,Llama 4 Scout,zero-shot,one-shot-CoT,0.7267161953435712,0.007066169366641249,0.7670948607782752,0.008355598577961056,-0.04037866543470392,-0.06179957712892237,-0.01836026788229117,2997,2967,conditional on each configuration's own valid predictions; denominators differ; NO TEST
goemotions,Llama 4 Scout,zero-shot-CoT,one-shot-CoT,0.7278089988123881,0.010308589396905677,0.7670948607782752,0.008355598577961056,-0.039285861965887015,-0.06094607571157855,-0.016898375562516752,2917,2967,conditional on each configuration's own valid predictions; denominators differ; NO TEST
goemotions,Mistral Small 4,zero-shot,zero-shot-CoT,0.7698215155199891,0.007569777500505791,0.7457086933609612,0.007194814097229988,0.02411282215902788,0.011611315339947347,0.03750535366219831,3093,3091,conditional on each configuration's own valid predictions; denominators differ; NO TEST
goemotions,Mistral Small 4,zero-shot,one-shot-CoT,0.7698215155199891,0.007569777500505791,0.7859915270404414,0.00459888274355493,-0.016170011520452277,-0.030818641250781268,-0.0010055894041850622,3093,3098,conditional on each configuration's own valid predictions; denominators differ; NO TEST
goemotions,Mistral Small 4,zero-shot-CoT,one-shot-CoT,0.7457086933609612,0.007194814097229988,0.7859915270404414,0.00459888274355493,-0.04028283367948016,-0.05815440680356501,-0.023204859846535326,3091,3098,conditional on each configuration's own valid predictions; denominators differ; NO TEST
goemotions,Phi-4,zero-shot,zero-shot-CoT,0.7844695688710235,0.007636572682859251,0.8093942491689399,0.0034695742075131356,-0.02492468029791639,-0.034994218305659325,-0.014857582707924264,2919,2927,conditional on each configuration's own valid predictions; denominators differ; NO TEST
goemotions,Phi-4,zero-shot,one-shot-CoT,0.7844695688710235,0.007636572682859251,0.801109875173576,0.004444231537852046,-0.016640306302552532,-0.03051260228999016,-0.002267237674508782,2919,2611,conditional on each configuration's own valid predictions; denominators differ; NO TEST
goemotions,Phi-4,zero-shot-CoT,one-shot-CoT,0.8093942491689399,0.0034695742075131356,0.801109875173576,0.004444231537852046,0.008284373995363858,-0.004262004169028155,0.020841594199500067,2927,2611,conditional on each configuration's own valid predictions; denominators differ; NO TEST
goemotions,Qwen3.5 27B,zero-shot,zero-shot-CoT,0.7861736334405145,0.0011368276224863994,0.7897106109324759,0.0020962065611583873,-0.0035369774919613572,-0.011897106109324707,0.004823151125401992,3110,3110,conditional on each configuration's own valid predictions; denominators differ; NO TEST
goemotions,Qwen3.5 27B,zero-shot,one-shot-CoT,0.7861736334405145,0.0011368276224863994,0.7725806451612903,0.0,0.013592988279224172,-0.0035195536674839157,0.031036086814566544,3110,3100,conditional on each configuration's own valid predictions; denominators differ; NO TEST
goemotions,Qwen3.5 27B,zero-shot-CoT,one-shot-CoT,0.7897106109324759,0.0020962065611583873,0.7725806451612903,0.0,0.01712996577118553,0.0010282722503409253,0.03388326691554769,3110,3100,conditional on each configuration's own valid predictions; denominators differ; NO TEST
