dataset,model,strategy,n_runs,accuracy_conditional_mean,accuracy_conditional_sd,accuracy_effective_mean,accuracy_effective_sd,macro_f1_mean,macro_f1_sd,evaluability_mean,evaluability_sd,sum_N_total,sum_N_safety,sum_N_valid,sum_N_model_invalid,sum_correct
dreaddit,google/gemma-4-31b-it,zero-shot,5,0.6932761087267524,0.003995490713524722,0.6932761087267524,0.003995490713524722,0.6747885609092776,0.004908215177798165,1.0,0.0,3575,80,3495,0,2423
dreaddit,google/gemma-4-31b-it,zero-shot-cot,5,0.6746781115879829,0.0007835801967170119,0.6746781115879829,0.0007835801967170119,0.6503384882210532,0.0008743185307506794,1.0,0.0,3575,80,3495,0,2358
dreaddit,google/gemma-4-31b-it,one-shot-cot,5,0.6755364806866953,0.00642981546616431,0.6755364806866953,0.00642981546616431,0.6509535051638565,0.008002400906831433,1.0,0.0,3575,80,3495,0,2361
dreaddit,meta-llama/llama-4-scout,zero-shot,5,0.7524517148070454,0.005020575653316449,0.7296137339055795,0.002676435898979934,0.7519102169805155,0.005020302023294964,0.9696709585121603,0.004996923947517292,3575,80,3389,106,2550
dreaddit,meta-llama/llama-4-scout,zero-shot-cot,5,0.7441180891399372,0.004627965146483325,0.7330472103004293,0.004914324474196745,0.7423689084979461,0.0047915493480331275,0.9851216022889844,0.0021696353201864026,3575,80,3443,52,2562
dreaddit,meta-llama/llama-4-scout,one-shot-cot,5,0.7519335835529264,0.004449859641761497,0.7502145922746781,0.004914324474196743,0.7509902471599942,0.0045271279602117475,0.9977110157367669,0.0007835801967170119,3575,80,3487,8,2622
dreaddit,microsoft/phi-4,zero-shot,5,0.7447250405934643,0.012389979764971353,0.7221745350500717,0.01641782838677512,0.7438704558724477,0.012616661259696101,0.9696709585121603,0.010385517260590303,3575,80,3389,106,2524
dreaddit,microsoft/phi-4,zero-shot-cot,5,0.7060059095798868,0.0031383209675617603,0.7001430615164521,0.002169635320186428,0.6963668366379043,0.00381912561630483,0.9917024320457797,0.002559162206008315,3575,80,3466,29,2447
dreaddit,microsoft/phi-4,one-shot-cot,5,0.7332533156179257,0.00984453313239527,0.7298998569384836,0.010136188603100657,0.7302289816890732,0.01006059286903352,0.9954220314735336,0.0011969385215079918,3575,80,3479,16,2551
dreaddit,mistralai/mistral-small-2603,zero-shot,5,0.6863181540555277,0.0032514655517586885,0.6861230329041488,0.0035908155645239487,0.665674216808337,0.004097540738504033,0.9997138769670958,0.0006397905515020656,3575,80,3494,1,2398
dreaddit,mistralai/mistral-small-2603,zero-shot-cot,5,0.661131948629028,0.003858363633127929,0.6609442060085837,0.004170924102178337,0.6311545867466248,0.0041544766972615105,0.9997138769670958,0.0006397905515020655,3575,80,3494,1,2310
dreaddit,mistralai/mistral-small-2603,one-shot-cot,5,0.6735336194563663,0.005295209019548441,0.6735336194563663,0.005295209019548441,0.6480665528019267,0.006108516432537891,1.0,0.0,3575,80,3495,0,2354
dreaddit,qwen/qwen3.5-27b,zero-shot,5,0.6923733725791664,0.0009631206530270267,0.6909871244635193,0.0014306151645207543,0.6742359990721312,0.0011813256828217128,0.9979971387696709,0.0007835801967170119,3575,80,3488,7,2415
dreaddit,qwen/qwen3.5-27b,zero-shot-cot,5,0.6525057710930247,0.0035466450810044087,0.6022889842632331,0.004851452062321368,0.5982581549774357,0.006094133401280871,0.923032904148784,0.003703055538067176,3575,80,3226,269,2105
dreaddit,qwen/qwen3.5-27b,one-shot-cot,5,0.6482379658210051,0.0013814041277113336,0.6474964234620887,0.0016311522533607,0.6104690746345105,0.0019913781845424146,0.9988555078683834,0.0006397905515020655,3575,80,3491,4,2263
goemotions,google/gemma-4-31b-it,zero-shot,5,0.8196141479099678,0.0038383718283965607,0.8196141479099678,0.0038383718283965607,0.593168632243216,0.007130058567223816,1.0,0.0,3115,5,3110,0,2549
goemotions,google/gemma-4-31b-it,zero-shot-cot,5,0.8173633440514468,0.00370124258302939,0.8173633440514468,0.00370124258302939,0.5832331018745835,0.008158389809850198,1.0,0.0,3115,5,3110,0,2542
goemotions,google/gemma-4-31b-it,one-shot-cot,5,0.815024251237924,0.004103499235240679,0.8131832797427652,0.0028759716752408925,0.5852249796240192,0.005499393827586292,0.9977491961414791,0.0026902251657044394,3115,5,3103,7,2529
goemotions,meta-llama/llama-4-scout,zero-shot,5,0.7267161953435712,0.007066169366641249,0.7003215434083601,0.00840022538753255,0.520165100110112,0.017462571056267563,0.9636655948553055,0.003522331559518761,3115,5,2997,113,2178
goemotions,meta-llama/llama-4-scout,zero-shot-cot,5,0.7278089988123881,0.010308589396905677,0.682636655948553,0.009207601969952635,0.529616441250114,0.013422885771963296,0.9379421221864952,0.001833079461574212,3115,5,2917,193,2123
goemotions,meta-llama/llama-4-scout,one-shot-cot,5,0.7670948607782752,0.008355598577961056,0.7318327974276527,0.009193555276846158,0.5442734655323482,0.012572676999863388,0.9540192926045016,0.002438223615450635,3115,5,2967,143,2276
goemotions,microsoft/phi-4,zero-shot,5,0.7844695688710235,0.007636572682859251,0.7363344051446945,0.016356101245478906,0.5342167475629712,0.01607674910909276,0.9385852090032154,0.014839846635645412,3115,5,2919,191,2290
goemotions,microsoft/phi-4,zero-shot-cot,5,0.8093942491689399,0.0034695742075131356,0.7617363344051447,0.008980218677664915,0.5634450672424287,0.010502110010698916,0.9411575562700965,0.014043387653969428,3115,5,2927,183,2369
goemotions,microsoft/phi-4,one-shot-cot,5,0.801109875173576,0.004444231537852046,0.6729903536977492,0.12575492406824382,0.5405767162372719,0.04938845297573555,0.8395498392282958,0.15429644994130826,3115,5,2611,499,2093
goemotions,mistralai/mistral-small-2603,zero-shot,5,0.7698215155199891,0.007569777500505791,0.7655948553054662,0.005258979817940867,0.5614821010467994,0.010630387056488154,0.9945337620578778,0.0033338330150044795,3115,5,3093,17,2381
goemotions,mistralai/mistral-small-2603,zero-shot-cot,5,0.7457086933609612,0.007194814097229988,0.7411575562700965,0.007793697519961952,0.5357184554442761,0.01042727561263861,0.9938906752411576,0.0013451125828522511,3115,5,3091,19,2305
goemotions,mistralai/mistral-small-2603,one-shot-cot,5,0.7859915270404414,0.00459888274355493,0.7829581993569132,0.004687260365631281,0.5939915303053398,0.007854789430695296,0.9961414790996784,0.0018330794615741973,3115,5,3098,12,2435
goemotions,qwen/qwen3.5-27b,zero-shot,5,0.7861736334405145,0.0011368276224863994,0.7861736334405145,0.0011368276224863994,0.5723065392144198,0.007119650273846356,1.0,0.0,3115,5,3110,0,2445
goemotions,qwen/qwen3.5-27b,zero-shot-cot,5,0.7897106109324759,0.0020962065611583873,0.7897106109324759,0.0020962065611583873,0.5792887817555721,0.005994848724628576,1.0,0.0,3115,5,3110,0,2456
goemotions,qwen/qwen3.5-27b,one-shot-cot,5,0.7725806451612903,0.0,0.770096463022508,0.0,0.5672938901060525,0.0,0.9967845659163987,0.0,3115,5,3100,10,2395
