dataset,model,strategy,run,source_run,N_total,N_safety_intercept,N_attributable,N_valid,N_model_invalid,N_infra_failed,N_unaccounted,correct,incorrect,accuracy_conditional,accuracy_effective,macro_precision,macro_recall,macro_f1,evaluability,majority_baseline,parse_status_counts
dreaddit,qwen/qwen3.5-27b,zero-shot,1,pub_001_dreaddit_qwen,715,16,699,697,2,0,0,482,215,0.6915351506456241,0.6895565092989986,0.7559101399883523,0.6954217522360033,0.6734566246761369,0.9971387696709585,0.516084,"{""ok"": 697, ""safety_intercept"": 16, ""unparseable"": 2}"
dreaddit,qwen/qwen3.5-27b,zero-shot,2,pub_001_dreaddit_qwen,715,16,699,698,1,0,0,484,214,0.6934097421203438,0.6924177396280401,0.7571857571857572,0.6969189331231113,0.6754955377703624,0.9985693848354793,0.516084,"{""ok"": 698, ""safety_intercept"": 16, ""unparseable"": 1}"
dreaddit,qwen/qwen3.5-27b,zero-shot,3,pub_001_dreaddit_qwen,715,16,699,698,1,0,0,484,214,0.6934097421203438,0.6924177396280401,0.7571857571857572,0.6969189331231113,0.6754955377703624,0.9985693848354793,0.516084,"{""ok"": 698, ""safety_intercept"": 16, ""unparseable"": 1}"
dreaddit,qwen/qwen3.5-27b,zero-shot,4,pub_001_dreaddit_qwen,715,16,699,698,1,0,0,483,215,0.6919770773638968,0.6909871244635193,0.7562728065359899,0.6955065037445802,0.6737459753597448,0.9985693848354793,0.516084,"{""ok"": 698, ""safety_intercept"": 16, ""unparseable"": 1}"
dreaddit,qwen/qwen3.5-27b,zero-shot,5,pub_001_dreaddit_qwen,715,16,699,697,2,0,0,482,215,0.6915351506456241,0.6895565092989986,0.7578661451542807,0.6954670488049941,0.6729863197840495,0.9971387696709585,0.516084,"{""ok"": 697, ""safety_intercept"": 16, ""unparseable"": 2}"
dreaddit,qwen/qwen3.5-27b,zero-shot-cot,1,pub_001_dreaddit_qwen,715,16,699,645,54,0,0,423,222,0.6558139534883721,0.6051502145922747,0.7485910316098996,0.6370099552400061,0.6031319290465632,0.9227467811158798,0.516084,"{""ok"": 645, ""safety_intercept"": 16, ""unparseable"": 54}"
dreaddit,qwen/qwen3.5-27b,zero-shot-cot,2,pub_001_dreaddit_qwen,715,16,699,644,55,0,0,419,225,0.6506211180124224,0.5994277539341917,0.7446820056435859,0.63091954356726,0.5948156537058009,0.9213161659513591,0.516084,"{""ok"": 644, ""safety_intercept"": 16, ""unparseable"": 55}"
dreaddit,qwen/qwen3.5-27b,zero-shot-cot,3,pub_001_dreaddit_qwen,715,16,699,649,50,0,0,423,226,0.6517719568567026,0.6051502145922747,0.7463428194169359,0.6350020946795141,0.5992250857979758,0.9284692417739628,0.516084,"{""ok"": 649, ""safety_intercept"": 16, ""unparseable"": 50}"
dreaddit,qwen/qwen3.5-27b,zero-shot-cot,4,pub_001_dreaddit_qwen,715,16,699,646,53,0,0,424,222,0.6563467492260062,0.6065808297567954,0.7527428371767995,0.6390522875816993,0.604446160635481,0.9241773962804005,0.516084,"{""ok"": 646, ""safety_intercept"": 16, ""unparseable"": 53}"
dreaddit,qwen/qwen3.5-27b,zero-shot-cot,5,pub_001_dreaddit_qwen,715,16,699,642,57,0,0,416,226,0.6479750778816199,0.5951359084406295,0.742340532395781,0.6269229645073606,0.5896719457013575,0.9184549356223176,0.516084,"{""ok"": 642, ""safety_intercept"": 16, ""unparseable"": 57}"
dreaddit,qwen/qwen3.5-27b,one-shot-cot,1,pub_001_dreaddit_qwen,715,16,699,699,0,0,0,454,245,0.6494992846924177,0.6494992846924177,0.7581887587565674,0.6545242384539797,0.6124970301734378,1.0,0.516084,"{""ok"": 699, ""safety_intercept"": 16}"
dreaddit,qwen/qwen3.5-27b,one-shot-cot,2,pub_001_dreaddit_qwen,715,16,699,698,1,0,0,453,245,0.6489971346704871,0.648068669527897,0.7579119378904258,0.6535852713178294,0.6114424639014803,0.9985693848354793,0.516084,"{""ok"": 698, ""safety_intercept"": 16, ""unparseable"": 1}"
dreaddit,qwen/qwen3.5-27b,one-shot-cot,3,pub_001_dreaddit_qwen,715,16,699,698,1,0,0,451,247,0.6461318051575932,0.6452074391988555,0.7563211169284467,0.6507604125607673,0.6074928911786869,0.9985693848354793,0.516084,"{""ok"": 698, ""safety_intercept"": 16, ""unparseable"": 1}"
dreaddit,qwen/qwen3.5-27b,one-shot-cot,4,pub_001_dreaddit_qwen,715,16,699,698,1,0,0,452,246,0.6475644699140402,0.6466380543633763,0.7571178821178821,0.6521728419392984,0.6094705240174672,0.9985693848354793,0.516084,"{""ok"": 698, ""safety_intercept"": 16, ""unparseable"": 1}"
dreaddit,qwen/qwen3.5-27b,one-shot-cot,5,pub_001_dreaddit_qwen,715,16,699,698,1,0,0,453,245,0.6489971346704871,0.648068669527897,0.7579119378904258,0.6535852713178294,0.6114424639014803,0.9985693848354793,0.516084,"{""ok"": 698, ""safety_intercept"": 16, ""unparseable"": 1}"
dreaddit,mistralai/mistral-small-2603,zero-shot,1,pub_002_dreaddit_mistral,715,16,699,699,0,0,0,479,220,0.6852646638054364,0.6852646638054364,0.7603664850749629,0.6894202423845398,0.6637012543956332,1.0,0.516084,"{""ok"": 699, ""safety_intercept"": 16}"
dreaddit,mistralai/mistral-small-2603,zero-shot,2,pub_002_dreaddit_mistral,715,16,699,699,0,0,0,479,220,0.6852646638054364,0.6852646638054364,0.7560805422647527,0.6893301670488045,0.6647277357240031,1.0,0.516084,"{""ok"": 699, ""safety_intercept"": 16}"
dreaddit,mistralai/mistral-small-2603,zero-shot,3,pub_002_dreaddit_mistral,715,16,699,698,1,0,0,476,222,0.6819484240687679,0.6809728183118741,0.7539757412398922,0.6857016160819867,0.660354033509561,0.9985693848354793,0.516084,"{""ok"": 698, ""safety_intercept"": 16, ""unparseable"": 1}"
dreaddit,mistralai/mistral-small-2603,zero-shot,4,pub_002_dreaddit_mistral,715,16,699,699,0,0,0,482,217,0.6895565092989986,0.6895565092989986,0.7608280746657252,0.6936005568293482,0.6695481866684676,1.0,0.516084,"{""ok"": 699, ""safety_intercept"": 16}"
dreaddit,mistralai/mistral-small-2603,zero-shot,5,pub_002_dreaddit_mistral,715,16,699,699,0,0,0,482,217,0.6895565092989986,0.6895565092989986,0.758752052545156,0.6935555191614805,0.6700398737440205,1.0,0.516084,"{""ok"": 699, ""safety_intercept"": 16}"
dreaddit,mistralai/mistral-small-2603,zero-shot-cot,1,pub_002_dreaddit_mistral,715,16,699,698,1,0,0,458,240,0.6561604584527221,0.6552217453505007,0.7398402948402949,0.6603189462619892,0.6267279873793417,0.9985693848354793,0.516084,"{""ok"": 698, ""safety_intercept"": 16, ""unparseable"": 1}"
dreaddit,mistralai/mistral-small-2603,zero-shot-cot,2,pub_002_dreaddit_mistral,715,16,699,699,0,0,0,465,234,0.6652360515021459,0.6652360515021459,0.7609988931931378,0.6699271208647233,0.6350602409638555,1.0,0.516084,"{""ok"": 699, ""safety_intercept"": 16}"
dreaddit,mistralai/mistral-small-2603,zero-shot-cot,3,pub_002_dreaddit_mistral,715,16,699,699,0,0,0,463,236,0.6623748211731044,0.6623748211731044,0.7566031091210947,0.6670651817884049,0.6319410977242302,1.0,0.516084,"{""ok"": 699, ""safety_intercept"": 16}"
dreaddit,mistralai/mistral-small-2603,zero-shot-cot,4,pub_002_dreaddit_mistral,715,16,699,699,0,0,0,460,239,0.6580829756795422,0.6580829756795422,0.7513528206943636,0.6627947920078612,0.6269269334095583,1.0,0.516084,"{""ok"": 699, ""safety_intercept"": 16}"
dreaddit,mistralai/mistral-small-2603,zero-shot-cot,5,pub_002_dreaddit_mistral,715,16,699,699,0,0,0,464,235,0.6638054363376252,0.6638054363376252,0.7521582380929024,0.6683835571568949,0.635116674256139,1.0,0.516084,"{""ok"": 699, ""safety_intercept"": 16}"
dreaddit,mistralai/mistral-small-2603,one-shot-cot,1,pub_002_dreaddit_mistral,715,16,699,699,0,0,0,465,234,0.6652360515021459,0.6652360515021459,0.748078718666954,0.6697019325253849,0.6382243652127754,1.0,0.516084,"{""ok"": 699, ""safety_intercept"": 16}"
dreaddit,mistralai/mistral-small-2603,one-shot-cot,2,pub_002_dreaddit_mistral,715,16,699,699,0,0,0,474,225,0.6781115879828327,0.6781115879828327,0.7606869603874681,0.6824680641991484,0.6535831103181683,1.0,0.516084,"{""ok"": 699, ""safety_intercept"": 16}"
dreaddit,mistralai/mistral-small-2603,one-shot-cot,3,pub_002_dreaddit_mistral,715,16,699,699,0,0,0,470,229,0.6723891273247496,0.6723891273247496,0.7548696699249186,0.6767892237143793,0.6468427404320286,1.0,0.516084,"{""ok"": 699, ""safety_intercept"": 16}"
dreaddit,mistralai/mistral-small-2603,one-shot-cot,4,pub_002_dreaddit_mistral,715,16,699,699,0,0,0,474,225,0.6781115879828327,0.6781115879828327,0.7656261170022638,0.6825581395348838,0.6524317073332435,1.0,0.516084,"{""ok"": 699, ""safety_intercept"": 16}"
dreaddit,mistralai/mistral-small-2603,one-shot-cot,5,pub_002_dreaddit_mistral,715,16,699,699,0,0,0,471,228,0.6738197424892703,0.6738197424892703,0.7533892382948987,0.678152636750737,0.649250840713418,1.0,0.516084,"{""ok"": 699, ""safety_intercept"": 16}"
dreaddit,meta-llama/llama-4-scout,zero-shot,1,pub_003_dreaddit_llama,715,16,699,680,19,0,0,512,168,0.7529411764705882,0.7324749642346209,0.7564912280701754,0.7529411764705882,0.7520833333333333,0.9728183118741058,0.516084,"{""ok"": 680, ""safety_intercept"": 16, ""unparseable"": 19}"
dreaddit,meta-llama/llama-4-scout,zero-shot,2,pub_003_dreaddit_llama,715,16,699,677,22,0,0,511,166,0.7548005908419497,0.7310443490701002,0.7570370565600126,0.7553857299977305,0.754517256443862,0.9685264663805436,0.516084,"{""ok"": 677, ""safety_intercept"": 16, ""unparseable"": 22}"
dreaddit,meta-llama/llama-4-scout,zero-shot,3,pub_003_dreaddit_llama,715,16,699,672,27,0,0,510,162,0.7589285714285714,0.7296137339055794,0.7607414550519662,0.7586720051022215,0.7583806818181819,0.9613733905579399,0.516084,"{""ok"": 672, ""safety_intercept"": 16, ""unparseable"": 27}"
dreaddit,meta-llama/llama-4-scout,zero-shot,4,pub_003_dreaddit_llama,715,16,699,680,19,0,0,507,173,0.7455882352941177,0.7253218884120172,0.7473880044266681,0.7455882352941177,0.7451246752852831,0.9728183118741058,0.516084,"{""ok"": 680, ""safety_intercept"": 16, ""unparseable"": 19}"
dreaddit,meta-llama/llama-4-scout,zero-shot,5,pub_003_dreaddit_llama,715,16,699,680,19,0,0,510,170,0.75,0.7296137339055794,0.7525215918121404,0.7501448974472098,0.7494451380219169,0.9728183118741058,0.516084,"{""ok"": 680, ""safety_intercept"": 16, ""unparseable"": 19}"
dreaddit,meta-llama/llama-4-scout,zero-shot-cot,1,pub_003_dreaddit_llama,715,16,699,686,13,0,0,509,177,0.7419825072886297,0.7281831187410587,0.7534301856335754,0.7428935736144169,0.7394975831729624,0.9814020028612304,0.516084,"{""ok"": 686, ""safety_intercept"": 16, ""unparseable"": 13}"
dreaddit,meta-llama/llama-4-scout,zero-shot-cot,2,pub_003_dreaddit_llama,715,16,699,690,9,0,0,510,180,0.7391304347826086,0.7296137339055794,0.7470884740750988,0.7401373005402954,0.737522824102252,0.9871244635193133,0.516084,"{""ok"": 690, ""safety_intercept"": 16, ""unparseable"": 9}"
dreaddit,meta-llama/llama-4-scout,zero-shot-cot,3,pub_003_dreaddit_llama,715,16,699,689,10,0,0,511,178,0.7416545718432511,0.7310443490701002,0.7491903920753671,0.7425127245761284,0.7401168014375561,0.9856938483547926,0.516084,"{""ok"": 689, ""safety_intercept"": 16, ""unparseable"": 10}"
dreaddit,meta-llama/llama-4-scout,zero-shot-cot,4,pub_003_dreaddit_llama,715,16,699,689,10,0,0,517,172,0.7503628447024674,0.7396280400572246,0.7576138622418114,0.751192402332558,0.7489875455392697,0.9856938483547926,0.516084,"{""ok"": 689, ""safety_intercept"": 16, ""unparseable"": 10}"
dreaddit,meta-llama/llama-4-scout,zero-shot-cot,5,pub_003_dreaddit_llama,715,16,699,689,10,0,0,515,174,0.7474600870827286,0.7367668097281831,0.7551883600270697,0.7478344764825832,0.7457197882376898,0.9856938483547926,0.516084,"{""ok"": 689, ""safety_intercept"": 16, ""unparseable"": 10}"
dreaddit,meta-llama/llama-4-scout,one-shot-cot,1,pub_003_dreaddit_llama,715,16,699,697,2,0,0,523,174,0.7503586800573888,0.748211731044349,0.7564231738035265,0.7515194939961456,0.7494049094966526,0.9971387696709585,0.516084,"{""ok"": 697, ""safety_intercept"": 16, ""unparseable"": 2}"
dreaddit,meta-llama/llama-4-scout,one-shot-cot,2,pub_003_dreaddit_llama,715,16,699,698,1,0,0,530,168,0.7593123209169055,0.7582260371959942,0.7646356532193428,0.7602893837866247,0.7585192873205328,0.9985693848354793,0.516084,"{""ok"": 698, ""safety_intercept"": 16, ""unparseable"": 1}"
dreaddit,meta-llama/llama-4-scout,one-shot-cot,3,pub_003_dreaddit_llama,715,16,699,697,2,0,0,523,174,0.7503586800573888,0.748211731044349,0.755938918764973,0.7516637838728276,0.7495746332760671,0.9971387696709585,0.516084,"{""ok"": 697, ""safety_intercept"": 16, ""unparseable"": 2}"
dreaddit,meta-llama/llama-4-scout,one-shot-cot,4,pub_003_dreaddit_llama,715,16,699,697,2,0,0,521,176,0.7474892395982783,0.7453505007153076,0.7539654505390994,0.7486946352390835,0.7464322920972996,0.9971387696709585,0.516084,"{""ok"": 697, ""safety_intercept"": 16, ""unparseable"": 2}"
dreaddit,meta-llama/llama-4-scout,one-shot-cot,5,pub_003_dreaddit_llama,715,16,699,698,1,0,0,525,173,0.7521489971346705,0.7510729613733905,0.7594376092510421,0.7535293393011129,0.7510201136094188,0.9985693848354793,0.516084,"{""ok"": 698, ""safety_intercept"": 16, ""unparseable"": 1}"
dreaddit,microsoft/phi-4,zero-shot,1,pub_005_dreaddit_phi,715,16,699,679,20,0,0,511,168,0.7525773195876289,0.7310443490701002,0.7576286424453964,0.7536579015881282,0.7518404427504829,0.9713876967095851,0.516084,"{""ok"": 679, ""safety_intercept"": 16, ""unparseable"": 20}"
dreaddit,microsoft/phi-4,zero-shot,2,pub_005_dreaddit_phi,715,16,699,665,34,0,0,490,175,0.7368421052631579,0.7010014306151645,0.7388814077484396,0.7375413929754084,0.7366038589939455,0.9513590844062947,0.516084,"{""ok"": 665, ""safety_intercept"": 16, ""unparseable"": 34}"
dreaddit,microsoft/phi-4,zero-shot,3,pub_005_dreaddit_phi,715,16,699,682,17,0,0,518,164,0.7595307917888563,0.7410586552217453,0.7651151799467861,0.7605542939719241,0.7587007360999647,0.9756795422031473,0.516084,"{""ok"": 682, ""safety_intercept"": 16, ""unparseable"": 17}"
dreaddit,microsoft/phi-4,zero-shot,4,pub_005_dreaddit_phi,715,16,699,682,17,0,0,509,173,0.7463343108504399,0.7281831187410587,0.7527131782945737,0.7482874354561102,0.7455854923397054,0.9756795422031473,0.516084,"{""ok"": 682, ""safety_intercept"": 16, ""unparseable"": 17}"
dreaddit,microsoft/phi-4,zero-shot,5,pub_005_dreaddit_phi,715,16,699,681,18,0,0,496,185,0.7283406754772394,0.709585121602289,0.739868491680086,0.7314814814814815,0.7266217491781402,0.9742489270386266,0.516084,"{""ok"": 681, ""safety_intercept"": 16, ""unparseable"": 18}"
dreaddit,microsoft/phi-4,zero-shot-cot,1,pub_005_dreaddit_phi,715,16,699,691,8,0,0,489,202,0.7076700434153401,0.6995708154506438,0.7457348055501271,0.7107298474945534,0.6977802605140997,0.9885550786838341,0.516084,"{""ok"": 691, ""safety_intercept"": 16, ""unparseable"": 8}"
dreaddit,microsoft/phi-4,zero-shot-cot,2,pub_005_dreaddit_phi,715,16,699,695,4,0,0,488,207,0.702158273381295,0.698140200286123,0.740727212514367,0.7046986814206202,0.6913596138374899,0.994277539341917,0.516084,"{""ok"": 695, ""safety_intercept"": 16, ""unparseable"": 4}"
dreaddit,microsoft/phi-4,zero-shot-cot,3,pub_005_dreaddit_phi,715,16,699,695,4,0,0,489,206,0.7035971223021583,0.6995708154506438,0.7404845458226481,0.7066207776286798,0.6936884895164741,0.994277539341917,0.516084,"{""ok"": 695, ""safety_intercept"": 16, ""unparseable"": 4}"
dreaddit,microsoft/phi-4,zero-shot-cot,4,pub_005_dreaddit_phi,715,16,699,693,6,0,0,492,201,0.70995670995671,0.703862660944206,0.7437596832501291,0.7123256860098965,0.7009910936805703,0.9914163090128756,0.516084,"{""ok"": 693, ""safety_intercept"": 16, ""unparseable"": 6}"
dreaddit,microsoft/phi-4,zero-shot-cot,5,pub_005_dreaddit_phi,715,16,699,692,7,0,0,489,203,0.7066473988439307,0.6995708154506438,0.7388965201465202,0.7092387898839512,0.6980147256408878,0.9899856938483548,0.516084,"{""ok"": 692, ""safety_intercept"": 16, ""unparseable"": 7}"
dreaddit,microsoft/phi-4,one-shot-cot,1,pub_005_dreaddit_phi,715,16,699,695,4,0,0,514,181,0.739568345323741,0.7353361945636624,0.7493610415451646,0.7408105287569573,0.7376127652917558,0.994277539341917,0.516084,"{""ok"": 695, ""safety_intercept"": 16, ""unparseable"": 4}"
dreaddit,microsoft/phi-4,one-shot-cot,2,pub_005_dreaddit_phi,715,16,699,695,4,0,0,498,197,0.7165467625899281,0.7124463519313304,0.7284342829366526,0.7179714418234826,0.7136418300653594,0.994277539341917,0.516084,"{""ok"": 695, ""safety_intercept"": 16, ""unparseable"": 4}"
dreaddit,microsoft/phi-4,one-shot-cot,3,pub_005_dreaddit_phi,715,16,699,697,2,0,0,512,185,0.7345767575322812,0.7324749642346209,0.755052790346908,0.7367528125051473,0.7302772635520275,0.9971387696709585,0.516084,"{""ok"": 697, ""safety_intercept"": 16, ""unparseable"": 2}"
dreaddit,microsoft/phi-4,one-shot-cot,4,pub_005_dreaddit_phi,715,16,699,696,3,0,0,516,180,0.7413793103448276,0.7381974248927039,0.7540660764413734,0.7429364299341752,0.7388868509687531,0.9957081545064378,0.516084,"{""ok"": 696, ""safety_intercept"": 16, ""unparseable"": 3}"
dreaddit,microsoft/phi-4,one-shot-cot,5,pub_005_dreaddit_phi,715,16,699,696,3,0,0,511,185,0.7341954022988506,0.7310443490701002,0.7497745480015761,0.7355972515856237,0.7307261985674702,0.9957081545064378,0.516084,"{""ok"": 696, ""safety_intercept"": 16, ""unparseable"": 3}"
dreaddit,google/gemma-4-31b-it,zero-shot,1,pub_011_dreaddit_gemma_coreweave,715,16,699,699,0,0,0,484,215,0.6924177396280401,0.6924177396280401,0.7625779967159277,0.6964174582377989,0.6730809808984537,1.0,0.516084,"{""ok"": 699, ""safety_intercept"": 16}"
dreaddit,google/gemma-4-31b-it,zero-shot,2,pub_011_dreaddit_gemma_coreweave,715,16,699,699,0,0,0,486,213,0.6952789699570815,0.6952789699570815,0.7603243416827232,0.6991442843105142,0.6775278586976533,1.0,0.516084,"{""ok"": 699, ""safety_intercept"": 16}"
dreaddit,google/gemma-4-31b-it,zero-shot,3,pub_011_dreaddit_gemma_coreweave,715,16,699,699,0,0,0,480,219,0.6866952789699571,0.6866952789699571,0.7549261083743842,0.6906935800851621,0.6669987665895876,1.0,0.516084,"{""ok"": 699, ""safety_intercept"": 16}"
dreaddit,google/gemma-4-31b-it,zero-shot,4,pub_011_dreaddit_gemma_coreweave,715,16,699,699,0,0,0,486,213,0.6952789699570815,0.6952789699570815,0.7622980870840432,0.6991893219783819,0.6770662299775511,1.0,0.516084,"{""ok"": 699, ""safety_intercept"": 16}"
dreaddit,google/gemma-4-31b-it,zero-shot,5,pub_011_dreaddit_gemma_coreweave,715,16,699,699,0,0,0,487,212,0.6967095851216023,0.6967095851216023,0.7612203758612599,0.7005527350147396,0.6792689683831423,1.0,0.516084,"{""ok"": 699, ""safety_intercept"": 16}"
dreaddit,google/gemma-4-31b-it,zero-shot-cot,1,pub_011_dreaddit_gemma_coreweave,715,16,699,699,0,0,0,471,228,0.6738197424892703,0.6738197424892703,0.7533892382948987,0.678152636750737,0.649250840713418,1.0,0.516084,"{""ok"": 699, ""safety_intercept"": 16}"
dreaddit,google/gemma-4-31b-it,zero-shot-cot,2,pub_011_dreaddit_gemma_coreweave,715,16,699,699,0,0,0,472,227,0.6752503576537912,0.6752503576537912,0.7565981890076979,0.67960612512283,0.650503849076552,1.0,0.516084,"{""ok"": 699, ""safety_intercept"": 16}"
dreaddit,google/gemma-4-31b-it,zero-shot-cot,3,pub_011_dreaddit_gemma_coreweave,715,16,699,699,0,0,0,471,228,0.6738197424892703,0.6738197424892703,0.7488897536855599,0.6780625614150017,0.6503773253773254,1.0,0.516084,"{""ok"": 699, ""safety_intercept"": 16}"
dreaddit,google/gemma-4-31b-it,zero-shot-cot,4,pub_011_dreaddit_gemma_coreweave,715,16,699,699,0,0,0,472,227,0.6752503576537912,0.6752503576537912,0.7589956084431222,0.6796511627906977,0.6499270833103516,1.0,0.516084,"{""ok"": 699, ""safety_intercept"": 16}"
dreaddit,google/gemma-4-31b-it,zero-shot-cot,5,pub_011_dreaddit_gemma_coreweave,715,16,699,699,0,0,0,472,227,0.6752503576537912,0.6752503576537912,0.7520001379405477,0.6795160497870947,0.6516333426276191,1.0,0.516084,"{""ok"": 699, ""safety_intercept"": 16}"
dreaddit,google/gemma-4-31b-it,one-shot-cot,1,pub_011_dreaddit_gemma_coreweave,715,16,699,699,0,0,0,470,229,0.6723891273247496,0.6723891273247496,0.7525094176279277,0.6767441860465117,0.6474245878349358,1.0,0.516084,"{""ok"": 699, ""safety_intercept"": 16}"
dreaddit,google/gemma-4-31b-it,one-shot-cot,2,pub_011_dreaddit_gemma_coreweave,715,16,699,699,0,0,0,466,233,0.6666666666666666,0.6666666666666666,0.7513891561628019,0.6711554208974779,0.6394649984393574,1.0,0.516084,"{""ok"": 699, ""safety_intercept"": 16}"
dreaddit,google/gemma-4-31b-it,one-shot-cot,3,pub_011_dreaddit_gemma_coreweave,715,16,699,699,0,0,0,478,221,0.6838340486409156,0.6838340486409156,0.7640526932891923,0.6881018670160498,0.6608412718973735,1.0,0.516084,"{""ok"": 699, ""safety_intercept"": 16}"
dreaddit,google/gemma-4-31b-it,one-shot-cot,4,pub_011_dreaddit_gemma_coreweave,715,16,699,699,0,0,0,474,225,0.6781115879828327,0.6781115879828327,0.7583198051948052,0.6824230265312807,0.6541468295418311,1.0,0.516084,"{""ok"": 699, ""safety_intercept"": 16}"
dreaddit,google/gemma-4-31b-it,one-shot-cot,5,pub_013_dreaddit_gemma_coreweave_osc_run5,715,16,699,699,0,0,0,473,226,0.6766809728183119,0.6766809728183119,0.755143272760858,0.6809695381591877,0.6528898381057848,1.0,0.516084,"{""ok"": 699, ""safety_intercept"": 16}"
goemotions,qwen/qwen3.5-27b,zero-shot,1,pub_007_goemotions715_qwen,623,1,622,622,0,0,0,489,133,0.7861736334405145,0.7861736334405145,0.5922300697191977,0.5666332501376992,0.5720326784677356,1.0,0.781701,"{""ok"": 108, ""ok_empty_list"": 514, ""safety_intercept"": 1}"
goemotions,qwen/qwen3.5-27b,zero-shot,2,pub_007_goemotions715_qwen,623,1,622,622,0,0,0,490,132,0.7877813504823151,0.7877813504823151,0.6066979041807417,0.5726938561983052,0.5827720601237842,1.0,0.781701,"{""ok"": 109, ""ok_empty_list"": 513, ""safety_intercept"": 1}"
goemotions,qwen/qwen3.5-27b,zero-shot,3,pub_007_goemotions715_qwen,623,1,622,622,0,0,0,489,133,0.7861736334405145,0.7861736334405145,0.5922300697191977,0.5666332501376992,0.5720326784677356,1.0,0.781701,"{""ok"": 108, ""ok_empty_list"": 514, ""safety_intercept"": 1}"
goemotions,qwen/qwen3.5-27b,zero-shot,4,pub_007_goemotions715_qwen,623,1,622,622,0,0,0,489,133,0.7861736334405145,0.7861736334405145,0.5922300697191977,0.5666332501376992,0.5720326784677356,1.0,0.781701,"{""ok"": 108, ""ok_empty_list"": 514, ""safety_intercept"": 1}"
goemotions,qwen/qwen3.5-27b,zero-shot,5,pub_007_goemotions715_qwen,623,1,622,622,0,0,0,488,134,0.7845659163987139,0.7845659163987139,0.5871372367717314,0.5532999168043659,0.5626626005451076,1.0,0.781701,"{""ok"": 107, ""ok_empty_list"": 515, ""safety_intercept"": 1}"
goemotions,qwen/qwen3.5-27b,zero-shot-cot,1,pub_007_goemotions715_qwen,623,1,622,622,0,0,0,490,132,0.7877813504823151,0.7877813504823151,0.6039586144849303,0.5618296586674411,0.5755493195546175,1.0,0.781701,"{""ok"": 109, ""ok_empty_list"": 513, ""safety_intercept"": 1}"
goemotions,qwen/qwen3.5-27b,zero-shot-cot,2,pub_007_goemotions715_qwen,623,1,622,622,0,0,0,490,132,0.7877813504823151,0.7877813504823151,0.6039586144849303,0.5618296586674411,0.5755493195546175,1.0,0.781701,"{""ok"": 109, ""ok_empty_list"": 513, ""safety_intercept"": 1}"
goemotions,qwen/qwen3.5-27b,zero-shot-cot,3,pub_007_goemotions715_qwen,623,1,622,622,0,0,0,492,130,0.7909967845659164,0.7909967845659164,0.6112212938751115,0.56470947208798,0.5794155343108904,1.0,0.781701,"{""ok"": 109, ""ok_empty_list"": 513, ""safety_intercept"": 1}"
goemotions,qwen/qwen3.5-27b,zero-shot-cot,4,pub_007_goemotions715_qwen,623,1,622,622,0,0,0,491,131,0.7893890675241158,0.7893890675241158,0.6052577372142144,0.5622403362855108,0.5763036963036963,1.0,0.781701,"{""ok"": 108, ""ok_empty_list"": 514, ""safety_intercept"": 1}"
goemotions,qwen/qwen3.5-27b,zero-shot-cot,5,pub_007_goemotions715_qwen,623,1,622,622,0,0,0,493,129,0.792604501607717,0.792604501607717,0.6125332940193621,0.5801012636057126,0.589626039054039,1.0,0.781701,"{""ok"": 112, ""ok_empty_list"": 510, ""safety_intercept"": 1}"
goemotions,qwen/qwen3.5-27b,one-shot-cot,1,pub_007_goemotions715_qwen,623,1,622,620,2,0,0,479,141,0.7725806451612903,0.770096463022508,0.5589820565907522,0.5853536510581183,0.5672938901060525,0.9967845659163987,0.781701,"{""ok"": 137, ""ok_empty_list"": 483, ""out_of_vocabulary"": 2, ""safety_intercept"": 1}"
goemotions,qwen/qwen3.5-27b,one-shot-cot,2,pub_007_goemotions715_qwen,623,1,622,620,2,0,0,479,141,0.7725806451612903,0.770096463022508,0.5589820565907522,0.5853536510581183,0.5672938901060525,0.9967845659163987,0.781701,"{""ok"": 137, ""ok_empty_list"": 483, ""out_of_vocabulary"": 2, ""safety_intercept"": 1}"
goemotions,qwen/qwen3.5-27b,one-shot-cot,3,pub_007_goemotions715_qwen,623,1,622,620,2,0,0,479,141,0.7725806451612903,0.770096463022508,0.5589820565907522,0.5853536510581183,0.5672938901060525,0.9967845659163987,0.781701,"{""ok"": 137, ""ok_empty_list"": 483, ""out_of_vocabulary"": 2, ""safety_intercept"": 1}"
goemotions,qwen/qwen3.5-27b,one-shot-cot,4,pub_007_goemotions715_qwen,623,1,622,620,2,0,0,479,141,0.7725806451612903,0.770096463022508,0.5589820565907522,0.5853536510581183,0.5672938901060525,0.9967845659163987,0.781701,"{""ok"": 137, ""ok_empty_list"": 483, ""out_of_vocabulary"": 2, ""safety_intercept"": 1}"
goemotions,qwen/qwen3.5-27b,one-shot-cot,5,pub_007_goemotions715_qwen,623,1,622,620,2,0,0,479,141,0.7725806451612903,0.770096463022508,0.5589820565907522,0.5853536510581183,0.5672938901060525,0.9967845659163987,0.781701,"{""ok"": 137, ""ok_empty_list"": 483, ""out_of_vocabulary"": 2, ""safety_intercept"": 1}"
goemotions,mistralai/mistral-small-2603,zero-shot,1,pub_006_goemotions715_mistral,623,1,622,621,1,0,0,471,150,0.7584541062801933,0.7572347266881029,0.5145875472495643,0.640381593714927,0.5483023334856955,0.9983922829581994,0.781701,"{""fail_unparseable"": 1, ""ok"": 151, ""ok_empty_list"": 470, ""safety_intercept"": 1}"
goemotions,mistralai/mistral-small-2603,zero-shot,2,pub_006_goemotions715_mistral,623,1,622,620,2,0,0,477,143,0.7693548387096775,0.7668810289389068,0.5355537059635648,0.627315537968459,0.5573492748648332,0.9967845659163987,0.781701,"{""fail_unparseable"": 1, ""ok"": 149, ""ok_empty_list"": 471, ""out_of_vocabulary"": 1, ""safety_intercept"": 1}"
goemotions,mistralai/mistral-small-2603,zero-shot,3,pub_006_goemotions715_mistral,623,1,622,616,6,0,0,480,136,0.7792207792207793,0.7717041800643086,0.5610041407867495,0.6232182765516099,0.5769439844833035,0.9903536977491961,0.781701,"{""fail_unparseable"": 4, ""ok"": 144, ""ok_empty_list"": 472, ""out_of_vocabulary"": 2, ""safety_intercept"": 1}"
goemotions,mistralai/mistral-small-2603,zero-shot,4,pub_006_goemotions715_mistral,623,1,622,619,3,0,0,476,143,0.7689822294022617,0.7652733118971061,0.5435334835503134,0.6081654933170084,0.5592096767404828,0.9951768488745981,0.781701,"{""fail_unparseable"": 2, ""ok"": 139, ""ok_empty_list"": 480, ""out_of_vocabulary"": 1, ""safety_intercept"": 1}"
goemotions,mistralai/mistral-small-2603,zero-shot,5,pub_006_goemotions715_mistral,623,1,622,617,5,0,0,477,140,0.773095623987034,0.7668810289389068,0.5541633571107255,0.6154545920244399,0.5656052356596821,0.9919614147909968,0.781701,"{""fail_unparseable"": 3, ""ok"": 142, ""ok_empty_list"": 475, ""out_of_vocabulary"": 2, ""safety_intercept"": 1}"
goemotions,mistralai/mistral-small-2603,zero-shot-cot,1,pub_006_goemotions715_mistral,623,1,622,618,4,0,0,463,155,0.7491909385113269,0.7443729903536977,0.5037375974143671,0.6283871147639264,0.5371021213788716,0.9935691318327974,0.781701,"{""fail_unparseable"": 2, ""ok"": 169, ""ok_empty_list"": 449, ""out_of_vocabulary"": 2, ""safety_intercept"": 1}"
goemotions,mistralai/mistral-small-2603,zero-shot-cot,2,pub_006_goemotions715_mistral,623,1,622,617,5,0,0,455,162,0.7374392220421394,0.7315112540192926,0.4899475726772649,0.6192443568930429,0.5254344590314223,0.9919614147909968,0.781701,"{""fail_unparseable"": 3, ""ok"": 170, ""ok_empty_list"": 447, ""out_of_vocabulary"": 2, ""safety_intercept"": 1}"
goemotions,mistralai/mistral-small-2603,zero-shot-cot,3,pub_006_goemotions715_mistral,623,1,622,619,3,0,0,459,160,0.7415185783521809,0.7379421221864951,0.4969130076801669,0.620228548107336,0.5296145745587448,0.9951768488745981,0.781701,"{""fail_unparseable"": 2, ""ok"": 170, ""ok_empty_list"": 449, ""out_of_vocabulary"": 1, ""safety_intercept"": 1}"
goemotions,mistralai/mistral-small-2603,zero-shot-cot,4,pub_006_goemotions715_mistral,623,1,622,618,4,0,0,460,158,0.7443365695792881,0.7395498392282959,0.49895501956928295,0.639443294225903,0.5338020513719646,0.9935691318327974,0.781701,"{""fail_unparseable"": 1, ""ok"": 166, ""ok_empty_list"": 452, ""out_of_vocabulary"": 3, ""safety_intercept"": 1}"
goemotions,mistralai/mistral-small-2603,zero-shot-cot,5,pub_006_goemotions715_mistral,623,1,622,619,3,0,0,468,151,0.7560581583198708,0.752411575562701,0.5079370114421661,0.6568676665646362,0.5526390708803776,0.9951768488745981,0.781701,"{""fail_unparseable"": 1, ""ok"": 164, ""ok_empty_list"": 455, ""out_of_vocabulary"": 2, ""safety_intercept"": 1}"
goemotions,mistralai/mistral-small-2603,one-shot-cot,1,pub_006_goemotions715_mistral,623,1,622,619,3,0,0,489,130,0.789983844911147,0.7861736334405145,0.6028469808308518,0.6223456790123457,0.6010553765201188,0.9951768488745981,0.781701,"{""fail_unparseable"": 2, ""ok"": 123, ""ok_empty_list"": 496, ""out_of_vocabulary"": 1, ""safety_intercept"": 1}"
goemotions,mistralai/mistral-small-2603,one-shot-cot,2,pub_006_goemotions715_mistral,623,1,622,618,4,0,0,485,133,0.7847896440129449,0.7797427652733119,0.5740957616053893,0.6138734480763466,0.5806261662865436,0.9935691318327974,0.781701,"{""fail_unparseable"": 2, ""ok"": 126, ""ok_empty_list"": 492, ""out_of_vocabulary"": 2, ""safety_intercept"": 1}"
goemotions,mistralai/mistral-small-2603,one-shot-cot,3,pub_006_goemotions715_mistral,623,1,622,620,2,0,0,490,130,0.7903225806451613,0.7877813504823151,0.5962128325508607,0.6223925393684844,0.5955327640994844,0.9967845659163987,0.781701,"{""fail_unparseable"": 1, ""ok"": 123, ""ok_empty_list"": 497, ""out_of_vocabulary"": 1, ""safety_intercept"": 1}"
goemotions,mistralai/mistral-small-2603,one-shot-cot,4,pub_006_goemotions715_mistral,623,1,622,621,1,0,0,488,133,0.785829307568438,0.7845659163987139,0.5921089764463259,0.6155555555555555,0.5948626269554673,0.9983922829581994,0.781701,"{""fail_unparseable"": 1, ""ok"": 123, ""ok_empty_list"": 498, ""safety_intercept"": 1}"
goemotions,mistralai/mistral-small-2603,one-shot-cot,5,pub_006_goemotions715_mistral,623,1,622,620,2,0,0,483,137,0.7790322580645161,0.7765273311897106,0.5966633366633367,0.6097441771668576,0.5978807176650841,0.9967845659163987,0.781701,"{""fail_unparseable"": 1, ""ok"": 125, ""ok_empty_list"": 495, ""out_of_vocabulary"": 1, ""safety_intercept"": 1}"
goemotions,meta-llama/llama-4-scout,zero-shot,1,pub_009_goemotions715_llama,623,1,622,602,20,0,0,438,164,0.7275747508305648,0.7041800643086816,0.49593284596380566,0.6262345209951592,0.525099858428557,0.9678456591639871,0.781701,"{""ok"": 173, ""ok_empty_list"": 429, ""out_of_vocabulary"": 20, ""safety_intercept"": 1}"
goemotions,meta-llama/llama-4-scout,zero-shot,2,pub_009_goemotions715_llama,623,1,622,600,22,0,0,443,157,0.7383333333333333,0.7122186495176849,0.5214444223103303,0.6546977442388835,0.54478476995982,0.9646302250803859,0.781701,"{""fail_unparseable"": 4, ""ok"": 170, ""ok_empty_list"": 430, ""out_of_vocabulary"": 18, ""safety_intercept"": 1}"
goemotions,meta-llama/llama-4-scout,zero-shot,3,pub_009_goemotions715_llama,623,1,622,599,23,0,0,434,165,0.7245409015025042,0.6977491961414791,0.4771402681079163,0.6178412261158189,0.500008289986719,0.9630225080385852,0.781701,"{""fail_unparseable"": 3, ""ok"": 167, ""ok_empty_list"": 432, ""out_of_vocabulary"": 20, ""safety_intercept"": 1}"
goemotions,meta-llama/llama-4-scout,zero-shot,4,pub_009_goemotions715_llama,623,1,622,600,22,0,0,434,166,0.7233333333333334,0.6977491961414791,0.5036684516323691,0.6354033023925497,0.5237978864212376,0.9646302250803859,0.781701,"{""fail_unparseable"": 2, ""ok"": 171, ""ok_empty_list"": 429, ""out_of_vocabulary"": 20, ""safety_intercept"": 1}"
goemotions,meta-llama/llama-4-scout,zero-shot,5,pub_009_goemotions715_llama,623,1,622,596,26,0,0,429,167,0.7197986577181208,0.6897106109324759,0.4859407125285918,0.6236350574712645,0.5071346957542268,0.9581993569131833,0.781701,"{""fail_unparseable"": 4, ""ok"": 171, ""ok_empty_list"": 425, ""out_of_vocabulary"": 22, ""safety_intercept"": 1}"
goemotions,meta-llama/llama-4-scout,zero-shot-cot,1,pub_009_goemotions715_llama,623,1,622,583,39,0,0,431,152,0.7392795883361921,0.6929260450160771,0.5333096136056359,0.6450452436902981,0.548006880679159,0.9372990353697749,0.781701,"{""fail_unparseable"": 1, ""ok"": 160, ""ok_empty_list"": 423, ""out_of_vocabulary"": 38, ""safety_intercept"": 1}"
goemotions,meta-llama/llama-4-scout,zero-shot-cot,2,pub_009_goemotions715_llama,623,1,622,584,38,0,0,421,163,0.7208904109589042,0.6768488745980707,0.506702895258094,0.5808494614876006,0.5104659926098561,0.9389067524115756,0.781701,"{""fail_unparseable"": 4, ""ok"": 160, ""ok_empty_list"": 424, ""out_of_vocabulary"": 34, ""safety_intercept"": 1}"
goemotions,meta-llama/llama-4-scout,zero-shot-cot,3,pub_009_goemotions715_llama,623,1,622,582,40,0,0,429,153,0.7371134020618557,0.6897106109324759,0.5277170763788905,0.6034262188219481,0.533080071022989,0.9356913183279743,0.781701,"{""fail_truncated"": 1, ""fail_unparseable"": 5, ""ok"": 159, ""ok_empty_list"": 423, ""out_of_vocabulary"": 34, ""safety_intercept"": 1}"
goemotions,meta-llama/llama-4-scout,zero-shot-cot,4,pub_009_goemotions715_llama,623,1,622,583,39,0,0,417,166,0.7152658662092625,0.6704180064308681,0.5077327569713493,0.6274446515305546,0.5284837097198529,0.9372990353697749,0.781701,"{""fail_truncated"": 1, ""fail_unparseable"": 3, ""ok"": 169, ""ok_empty_list"": 414, ""out_of_vocabulary"": 35, ""safety_intercept"": 1}"
goemotions,meta-llama/llama-4-scout,zero-shot-cot,5,pub_009_goemotions715_llama,623,1,622,585,37,0,0,425,160,0.7264957264957265,0.6832797427652733,0.5089460301028624,0.6390190371302706,0.5280455522187129,0.9405144694533762,0.781701,"{""fail_unparseable"": 3, ""ok"": 171, ""ok_empty_list"": 414, ""out_of_vocabulary"": 34, ""safety_intercept"": 1}"
goemotions,meta-llama/llama-4-scout,one-shot-cot,1,pub_009_goemotions715_llama,623,1,622,595,27,0,0,455,140,0.7647058823529411,0.7315112540192926,0.534998530809783,0.6264170636213647,0.5469553017333244,0.9565916398713826,0.781701,"{""ok"": 120, ""ok_empty_list"": 475, ""out_of_vocabulary"": 27, ""safety_intercept"": 1}"
goemotions,meta-llama/llama-4-scout,one-shot-cot,2,pub_009_goemotions715_llama,623,1,622,595,27,0,0,464,131,0.7798319327731092,0.7459807073954984,0.5482479610397231,0.6260548757879125,0.5487039909459739,0.9565916398713826,0.781701,"{""ok"": 112, ""ok_empty_list"": 483, ""out_of_vocabulary"": 27, ""safety_intercept"": 1}"
goemotions,meta-llama/llama-4-scout,one-shot-cot,3,pub_009_goemotions715_llama,623,1,622,592,30,0,0,448,144,0.7567567567567568,0.7202572347266881,0.51710615280595,0.6075456227891396,0.5258031293325411,0.9517684887459807,0.781701,"{""ok"": 116, ""ok_empty_list"": 476, ""out_of_vocabulary"": 30, ""safety_intercept"": 1}"
goemotions,meta-llama/llama-4-scout,one-shot-cot,4,pub_009_goemotions715_llama,623,1,622,593,29,0,0,454,139,0.7655986509274874,0.729903536977492,0.5424973637072995,0.6327595103284678,0.5599477495751464,0.9533762057877814,0.781701,"{""ok"": 121, ""ok_empty_list"": 472, ""out_of_vocabulary"": 29, ""safety_intercept"": 1}"
goemotions,meta-llama/llama-4-scout,one-shot-cot,5,pub_009_goemotions715_llama,623,1,622,592,30,0,0,455,137,0.768581081081081,0.7315112540192926,0.5350354627070305,0.6181325645421017,0.5399571560747554,0.9517684887459807,0.781701,"{""ok"": 120, ""ok_empty_list"": 472, ""out_of_vocabulary"": 30, ""safety_intercept"": 1}"
goemotions,microsoft/phi-4,zero-shot,1,pub_008_goemotions715_phi,623,1,622,571,51,0,0,446,125,0.7810858143607706,0.7170418006430869,0.5428580156402737,0.5589306370950207,0.5242270907387186,0.9180064308681672,0.781701,"{""fail_truncated"": 11, ""fail_unparseable"": 12, ""ok"": 75, ""ok_empty_list"": 496, ""out_of_vocabulary"": 28, ""safety_intercept"": 1}"
goemotions,microsoft/phi-4,zero-shot,2,pub_008_goemotions715_phi,623,1,622,585,37,0,0,453,132,0.7743589743589744,0.7282958199356914,0.5967436149312377,0.5515384615384615,0.5396939405979949,0.9405144694533762,0.781701,"{""fail_truncated"": 15, ""fail_unparseable"": 4, ""ok"": 76, ""ok_empty_list"": 509, ""out_of_vocabulary"": 18, ""safety_intercept"": 1}"
goemotions,microsoft/phi-4,zero-shot,3,pub_008_goemotions715_phi,623,1,622,579,43,0,0,456,123,0.7875647668393783,0.7331189710610932,0.5723820312204301,0.528799889135255,0.5122727212912053,0.9308681672025724,0.781701,"{""fail_truncated"": 12, ""fail_unparseable"": 7, ""ok"": 63, ""ok_empty_list"": 516, ""out_of_vocabulary"": 24, ""safety_intercept"": 1}"
goemotions,microsoft/phi-4,zero-shot,4,pub_008_goemotions715_phi,623,1,622,595,27,0,0,473,122,0.7949579831932773,0.7604501607717041,0.5969414795730585,0.5564099290805645,0.5534675061247069,0.9565916398713826,0.781701,"{""fail_truncated"": 2, ""fail_unparseable"": 11, ""ok"": 75, ""ok_empty_list"": 520, ""out_of_vocabulary"": 14, ""safety_intercept"": 1}"
goemotions,microsoft/phi-4,zero-shot,5,pub_008_goemotions715_phi,623,1,622,589,33,0,0,462,127,0.7843803056027164,0.7427652733118971,0.6053250652099021,0.5599189481542423,0.5414224790622306,0.9469453376205788,0.781701,"{""fail_truncated"": 8, ""fail_unparseable"": 5, ""ok"": 68, ""ok_empty_list"": 521, ""out_of_vocabulary"": 20, ""safety_intercept"": 1}"
goemotions,microsoft/phi-4,zero-shot-cot,1,pub_008_goemotions715_phi,623,1,622,593,29,0,0,480,113,0.8094435075885329,0.7717041800643086,0.6247593571257694,0.5819131299734748,0.5770040485829959,0.9533762057877814,0.781701,"{""fail_truncated"": 3, ""fail_unparseable"": 1, ""ok"": 69, ""ok_empty_list"": 524, ""out_of_vocabulary"": 25, ""safety_intercept"": 1}"
goemotions,microsoft/phi-4,zero-shot-cot,2,pub_008_goemotions715_phi,623,1,622,574,48,0,0,466,108,0.8118466898954704,0.7491961414790996,0.6293549153347586,0.5763926278375395,0.5602654891157565,0.9228295819935691,0.781701,"{""fail_truncated"": 3, ""fail_unparseable"": 3, ""ok"": 57, ""ok_empty_list"": 517, ""out_of_vocabulary"": 42, ""safety_intercept"": 1}"
goemotions,microsoft/phi-4,zero-shot-cot,3,pub_008_goemotions715_phi,623,1,622,579,43,0,0,471,108,0.8134715025906736,0.7572347266881029,0.6665811926108298,0.5906626901252561,0.5715532739227263,0.9308681672025724,0.781701,"{""fail_truncated"": 1, ""fail_unparseable"": 4, ""ok"": 64, ""ok_empty_list"": 515, ""out_of_vocabulary"": 38, ""safety_intercept"": 1}"
goemotions,microsoft/phi-4,zero-shot-cot,4,pub_008_goemotions715_phi,623,1,622,587,35,0,0,474,113,0.807495741056218,0.7620578778135049,0.6377592492573589,0.5557818459191457,0.5565015548071095,0.9437299035369775,0.781701,"{""fail_truncated"": 4, ""fail_unparseable"": 4, ""ok"": 58, ""ok_empty_list"": 529, ""out_of_vocabulary"": 27, ""safety_intercept"": 1}"
goemotions,microsoft/phi-4,zero-shot-cot,5,pub_008_goemotions715_phi,623,1,622,594,28,0,0,478,116,0.8047138047138047,0.7684887459807074,0.6190143190143191,0.5789021229666391,0.5519009697835551,0.954983922829582,0.781701,"{""fail_truncated"": 1, ""ok"": 60, ""ok_empty_list"": 534, ""out_of_vocabulary"": 27, ""safety_intercept"": 1}"
goemotions,microsoft/phi-4,one-shot-cot,1,pub_008_goemotions715_phi,623,1,622,571,51,0,0,456,115,0.7985989492119089,0.7331189710610932,0.6582222222222223,0.5355073337351819,0.5385927011525448,0.9180064308681672,0.781701,"{""fail_truncated"": 20, ""fail_unparseable"": 20, ""ok"": 46, ""ok_empty_list"": 525, ""out_of_vocabulary"": 11, ""safety_intercept"": 1}"
goemotions,microsoft/phi-4,one-shot-cot,2,pub_008_goemotions715_phi,623,1,622,560,62,0,0,449,111,0.8017857142857143,0.7218649517684887,0.596387403446227,0.5105335968379446,0.5058094081070137,0.9003215434083601,0.781701,"{""fail_truncated"": 19, ""fail_unparseable"": 33, ""ok"": 50, ""ok_empty_list"": 510, ""out_of_vocabulary"": 10, ""safety_intercept"": 1}"
goemotions,microsoft/phi-4,one-shot-cot,3,pub_008_goemotions715_phi,623,1,622,573,49,0,0,461,112,0.8045375218150087,0.7411575562700965,0.6473930589184826,0.4938243057755253,0.49928083600572554,0.9212218649517685,0.781701,"{""fail_truncated"": 15, ""fail_unparseable"": 27, ""ok"": 42, ""ok_empty_list"": 531, ""out_of_vocabulary"": 7, ""safety_intercept"": 1}"
goemotions,microsoft/phi-4,one-shot-cot,4,pub_008_goemotions715_phi,623,1,622,556,66,0,0,448,108,0.8057553956834532,0.7202572347266881,0.6719103313840156,0.5747672159685507,0.5360506772510287,0.8938906752411575,0.781701,"{""fail_truncated"": 21, ""fail_unparseable"": 32, ""ok"": 43, ""ok_empty_list"": 513, ""out_of_vocabulary"": 13, ""safety_intercept"": 1}"
goemotions,microsoft/phi-4,one-shot-cot,5,pub_008_goemotions715_phi,623,1,622,351,271,0,0,279,72,0.7948717948717948,0.44855305466237944,0.6628043205362792,0.6342181837886167,0.6231499586700467,0.5643086816720257,0.781701,"{""fail_truncated"": 32, ""fail_unparseable"": 229, ""ok"": 60, ""ok_empty_list"": 291, ""out_of_vocabulary"": 10, ""safety_intercept"": 1}"
goemotions,google/gemma-4-31b-it,zero-shot,1,pub_012_goemotions715_gemma_coreweave,623,1,622,622,0,0,0,513,109,0.8247588424437299,0.8247588424437299,0.7341598233294985,0.5553330245185139,0.6054183172213493,1.0,0.781701,"{""ok"": 68, ""ok_empty_list"": 554, ""safety_intercept"": 1}"
goemotions,google/gemma-4-31b-it,zero-shot,2,pub_012_goemotions715_gemma_coreweave,623,1,622,622,0,0,0,511,111,0.8215434083601286,0.8215434083601286,0.6997603121516165,0.5545116692823743,0.5902025518245965,1.0,0.781701,"{""ok"": 70, ""ok_empty_list"": 552, ""safety_intercept"": 1}"
goemotions,google/gemma-4-31b-it,zero-shot,3,pub_012_goemotions715_gemma_coreweave,623,1,622,622,0,0,0,507,115,0.815112540192926,0.815112540192926,0.7027886171124011,0.5487520424412964,0.5877586681153639,1.0,0.781701,"{""ok"": 69, ""ok_empty_list"": 553, ""safety_intercept"": 1}"
goemotions,google/gemma-4-31b-it,zero-shot,4,pub_012_goemotions715_gemma_coreweave,623,1,622,622,0,0,0,510,112,0.819935691318328,0.819935691318328,0.7172627486516903,0.5520425334799051,0.593197552169596,1.0,0.781701,"{""ok"": 68, ""ok_empty_list"": 554, ""safety_intercept"": 1}"
goemotions,google/gemma-4-31b-it,zero-shot,5,pub_012_goemotions715_gemma_coreweave,623,1,622,622,0,0,0,508,114,0.8167202572347267,0.8167202572347267,0.701022147147931,0.5471042618749669,0.5892660718851747,1.0,0.781701,"{""ok"": 68, ""ok_empty_list"": 554, ""safety_intercept"": 1}"
goemotions,google/gemma-4-31b-it,zero-shot-cot,1,pub_012_goemotions715_gemma_coreweave,623,1,622,622,0,0,0,506,116,0.8135048231511254,0.8135048231511254,0.7025412087912088,0.5401075320856292,0.5819312513708484,1.0,0.781701,"{""ok"": 62, ""ok_empty_list"": 560, ""safety_intercept"": 1}"
goemotions,google/gemma-4-31b-it,zero-shot-cot,2,pub_012_goemotions715_gemma_coreweave,623,1,622,622,0,0,0,509,113,0.8183279742765274,0.8183279742765274,0.7144639674051438,0.543398023124238,0.5830688469392384,1.0,0.781701,"{""ok"": 61, ""ok_empty_list"": 561, ""safety_intercept"": 1}"
goemotions,google/gemma-4-31b-it,zero-shot-cot,3,pub_012_goemotions715_gemma_coreweave,623,1,622,622,0,0,0,506,116,0.8135048231511254,0.8135048231511254,0.6924815452947486,0.5401075320856292,0.5708115927710329,1.0,0.781701,"{""ok"": 63, ""ok_empty_list"": 559, ""safety_intercept"": 1}"
goemotions,google/gemma-4-31b-it,zero-shot-cot,4,pub_012_goemotions715_gemma_coreweave,623,1,622,622,0,0,0,511,111,0.8215434083601286,0.8215434083601286,0.718137831161087,0.5483362947291763,0.5928026181442531,1.0,0.781701,"{""ok"": 63, ""ok_empty_list"": 559, ""safety_intercept"": 1}"
goemotions,google/gemma-4-31b-it,zero-shot-cot,5,pub_012_goemotions715_gemma_coreweave,623,1,622,622,0,0,0,510,112,0.819935691318328,0.819935691318328,0.717599885286718,0.5438087007423078,0.5875512001475445,1.0,0.781701,"{""ok"": 60, ""ok_empty_list"": 562, ""safety_intercept"": 1}"
goemotions,google/gemma-4-31b-it,one-shot-cot,1,pub_012_goemotions715_gemma_coreweave,623,1,622,622,0,0,0,506,116,0.8135048231511254,0.8135048231511254,0.6901560255908081,0.5498743768969642,0.5811014230327944,1.0,0.781701,"{""ok"": 70, ""ok_empty_list"": 552, ""safety_intercept"": 1}"
goemotions,google/gemma-4-31b-it,one-shot-cot,2,pub_012_goemotions715_gemma_coreweave,623,1,622,622,0,0,0,506,116,0.8135048231511254,0.8135048231511254,0.6923734623916112,0.5519328350813635,0.5836509285795243,1.0,0.781701,"{""ok"": 71, ""ok_empty_list"": 551, ""safety_intercept"": 1}"
goemotions,google/gemma-4-31b-it,one-shot-cot,3,pub_012_goemotions715_gemma_coreweave,623,1,622,621,1,0,0,506,115,0.8148148148148148,0.8135048231511254,0.699590063852359,0.5507893752338197,0.5928551721637618,0.9983922829581994,0.781701,"{""fail_unparseable"": 1, ""ok"": 72, ""ok_empty_list"": 549, ""safety_intercept"": 1}"
goemotions,google/gemma-4-31b-it,one-shot-cot,4,pub_012_goemotions715_gemma_coreweave,623,1,622,620,2,0,0,503,117,0.8112903225806452,0.8086816720257235,0.6824798158814552,0.5496791994014216,0.5797087039944182,0.9967845659163987,0.781701,"{""fail_unparseable"": 2, ""ok"": 71, ""ok_empty_list"": 549, ""safety_intercept"": 1}"
goemotions,google/gemma-4-31b-it,one-shot-cot,5,pub_012_goemotions715_gemma_coreweave,623,1,622,618,4,0,0,508,110,0.8220064724919094,0.8167202572347267,0.7087840788570715,0.5548509247059972,0.5888086703495973,0.9935691318327974,0.781701,"{""fail_unparseable"": 4, ""ok"": 70, ""ok_empty_list"": 548, ""safety_intercept"": 1}"
