dataset,model,strategy,client_latency_mean_s,client_latency_median_s,client_latency_p90_s,server_latency_mean_s,n_llm_served_5runs,n_safety_excluded_5runs,missing_latency,retried_assessments_5runs,executed_utc,source_run,share_during_other_run_on_same_machine,model_id,model_source_label
dreaddit,Gemma 4 31B IT,zero-shot,15.07 ± 2.73,12.06 ± 2.13,26.53 ± 5.80,15.07 ± 2.73,3495,80,0,10,2026-09-15T04:42 → 2026-09-17T02:06,pub_011_dreaddit_gemma_coreweave,0.00,google/gemma-4-31b-it,Gemma 4 31B
dreaddit,Gemma 4 31B IT,zero-shot-cot,13.10 ± 1.97,10.26 ± 1.65,22.92 ± 4.03,13.09 ± 1.97,3495,80,0,10,2026-09-15T20:12 → 2026-09-16T09:47,pub_011_dreaddit_gemma_coreweave,0.00,google/gemma-4-31b-it,Gemma 4 31B
dreaddit,Gemma 4 31B IT,one-shot-cot,15.14 ± 3.77,12.68 ± 3.91,26.51 ± 7.79,15.14 ± 3.77,3495,80,0,34,2026-09-16T09:47 → 2026-09-20T02:48,pub_011_dreaddit_gemma_coreweave/pub_013_dreaddit_gemma_coreweave_osc_run5,0.00,google/gemma-4-31b-it,Gemma 4 31B
dreaddit,Llama 4 Scout,zero-shot,12.46 ± 0.88,12.07 ± 0.01,17.53 ± 2.49,12.46 ± 0.88,3495,80,0,4,2026-09-06T15:19 → 2026-09-07T03:57,pub_003_dreaddit_llama,0.82,meta-llama/llama-4-scout,Llama 4 Scout
dreaddit,Llama 4 Scout,zero-shot-cot,14.08 ± 2.11,12.70 ± 1.38,19.92 ± 4.02,14.08 ± 2.11,3495,80,0,9,2026-09-07T03:58 → 2026-09-07T22:33,pub_003_dreaddit_llama,1.00,meta-llama/llama-4-scout,Llama 4 Scout
dreaddit,Llama 4 Scout,one-shot-cot,10.23 ± 0.64,9.67 ± 1.34,13.32 ± 1.61,10.23 ± 0.64,3495,80,0,2,2026-09-07T22:33 → 2026-09-08T09:01,pub_003_dreaddit_llama,1.00,meta-llama/llama-4-scout,Llama 4 Scout
dreaddit,Mistral Small 4,zero-shot,5.36 ± 0.03,6.06 ± 0.00,6.07 ± 0.00,5.35 ± 0.03,3495,80,0,3,2026-09-06T13:13 → 2026-09-06T18:56,pub_002_dreaddit_mistral,0.00,mistralai/mistral-small-2603,Mistral Small 4
dreaddit,Mistral Small 4,zero-shot-cot,5.25 ± 0.11,6.06 ± 0.01,6.07 ± 0.01,5.24 ± 0.11,3495,80,0,0,2026-09-06T18:56 → 2026-09-07T00:33,pub_002_dreaddit_mistral,0.00,mistralai/mistral-small-2603,Mistral Small 4
dreaddit,Mistral Small 4,one-shot-cot,4.89 ± 0.12,6.04 ± 0.00,6.05 ± 0.00,4.88 ± 0.12,3495,80,0,0,2026-09-07T00:33 → 2026-09-07T05:48,pub_002_dreaddit_mistral,0.00,mistralai/mistral-small-2603,Mistral Small 4
dreaddit,Phi-4,zero-shot,12.91 ± 1.36,10.88 ± 1.64,18.10 ± 3.67,12.90 ± 1.36,3495,80,0,10,2026-09-07T14:40 → 2026-09-08T03:57,pub_005_dreaddit_phi,0.00,microsoft/phi-4,Phi-4
dreaddit,Phi-4,zero-shot-cot,12.86 ± 1.19,12.08 ± 0.01,16.30 ± 2.68,12.85 ± 1.19,3495,80,0,0,2026-09-08T03:57 → 2026-09-08T16:56,pub_005_dreaddit_phi,0.00,microsoft/phi-4,Phi-4
dreaddit,Phi-4,one-shot-cot,10.13 ± 1.84,9.65 ± 1.35,12.68 ± 3.29,10.12 ± 1.84,3495,80,0,3,2026-09-08T16:56 → 2026-09-13T16:53,pub_005_dreaddit_phi,0.00,microsoft/phi-4,Phi-4
dreaddit,Qwen 3.5 27B,zero-shot,9.05 ± 0.27,9.08 ± 0.00,9.70 ± 1.34,9.04 ± 0.27,3495,80,0,0,2026-09-05T03:25 → 2026-09-05T12:43,pub_001_dreaddit_qwen,0.00,qwen/qwen3.5-27b,Qwen3.5 27B
dreaddit,Qwen 3.5 27B,zero-shot-cot,8.67 ± 0.24,9.08 ± 0.00,9.11 ± 0.01,8.66 ± 0.24,3495,80,0,0,2026-09-05T12:43 → 2026-09-05T21:38,pub_001_dreaddit_qwen,0.00,qwen/qwen3.5-27b,Qwen3.5 27B
dreaddit,Qwen 3.5 27B,one-shot-cot,8.40 ± 0.45,9.07 ± 0.01,9.11 ± 0.02,8.39 ± 0.45,3495,80,0,1,2026-09-05T21:38 → 2026-09-06T06:18,pub_001_dreaddit_qwen,0.00,qwen/qwen3.5-27b,Qwen3.5 27B
goemotions,Gemma 4 31B IT,zero-shot,11.54 ± 1.38,7.88 ± 1.65,19.91 ± 2.70,11.53 ± 1.38,3110,5,0,9,2026-09-15T16:16 → 2026-09-16T02:54,pub_012_goemotions715_gemma_coreweave,0.00,google/gemma-4-31b-it,Gemma 4 31B
goemotions,Gemma 4 31B IT,zero-shot-cot,14.17 ± 3.54,11.48 ± 3.30,24.14 ± 6.74,14.16 ± 3.54,3110,5,0,21,2026-09-16T02:54 → 2026-09-17T02:02,pub_012_goemotions715_gemma_coreweave,0.00,google/gemma-4-31b-it,Gemma 4 31B
goemotions,Gemma 4 31B IT,one-shot-cot,10.09 ± 2.75,7.86 ± 2.69,16.29 ± 6.59,10.09 ± 2.75,3110,5,0,22,2026-09-16T16:10 → 2026-09-17T04:15,pub_012_goemotions715_gemma_coreweave,0.00,google/gemma-4-31b-it,Gemma 4 31B
goemotions,Llama 4 Scout,zero-shot,10.78 ± 1.26,9.07 ± 2.13,18.11 ± 2.12,10.77 ± 1.26,3110,5,0,22,2026-09-11T17:39 → 2026-09-13T16:18,pub_009_goemotions715_llama,0.00,meta-llama/llama-4-scout,Llama 4 Scout
goemotions,Llama 4 Scout,zero-shot-cot,11.02 ± 2.20,9.07 ± 3.01,19.32 ± 3.45,11.01 ± 2.20,3110,5,0,28,2026-09-12T04:16 → 2026-09-13T16:18,pub_009_goemotions715_llama,0.00,meta-llama/llama-4-scout,Llama 4 Scout
goemotions,Llama 4 Scout,one-shot-cot,10.00 ± 1.34,8.46 ± 1.34,14.49 ± 2.52,9.99 ± 1.34,3110,5,0,31,2026-09-12T17:05 → 2026-09-13T16:12,pub_009_goemotions715_llama,0.00,meta-llama/llama-4-scout,Llama 4 Scout
goemotions,Mistral Small 4,zero-shot,3.98 ± 0.48,3.05 ± 0.01,6.06 ± 0.01,3.97 ± 0.48,3110,5,0,0,2026-09-09T18:02 → 2026-09-09T21:55,pub_006_goemotions715_mistral,0.00,mistralai/mistral-small-2603,Mistral Small 4
goemotions,Mistral Small 4,zero-shot-cot,3.43 ± 0.11,3.04 ± 0.00,5.44 ± 1.34,3.42 ± 0.11,3110,5,0,0,2026-09-09T21:55 → 2026-09-10T01:19,pub_006_goemotions715_mistral,0.00,mistralai/mistral-small-2603,Mistral Small 4
goemotions,Mistral Small 4,one-shot-cot,3.32 ± 0.16,3.04 ± 0.00,3.64 ± 1.34,3.31 ± 0.16,3110,5,0,1,2026-09-10T01:19 → 2026-09-11T17:13,pub_006_goemotions715_mistral,0.00,mistralai/mistral-small-2603,Mistral Small 4
goemotions,Phi-4,zero-shot,13.07 ± 0.35,11.47 ± 1.30,18.07 ± 0.00,13.06 ± 0.35,3110,5,0,17,2026-09-10T18:03 → 2026-09-11T06:23,pub_008_goemotions715_phi,0.00,microsoft/phi-4,Phi-4
goemotions,Phi-4,zero-shot-cot,13.09 ± 1.89,9.65 ± 1.35,21.69 ± 5.39,13.08 ± 1.89,3110,5,0,34,2026-09-11T06:24 → 2026-09-12T22:22,pub_008_goemotions715_phi,0.00,microsoft/phi-4,Phi-4
goemotions,Phi-4,one-shot-cot,10.63 ± 2.23,9.65 ± 1.35,17.48 ± 6.52,10.63 ± 2.23,3110,5,0,5,2026-09-11T19:15 → 2026-09-12T05:03,pub_008_goemotions715_phi,0.00,microsoft/phi-4,Phi-4
goemotions,Qwen 3.5 27B,zero-shot,7.27 ± 0.56,6.04 ± 0.00,9.65 ± 1.34,7.27 ± 0.56,3110,5,0,3,2026-09-09T19:24 → 2026-09-10T02:10,pub_007_goemotions715_qwen,0.00,qwen/qwen3.5-27b,Qwen3.5 27B
goemotions,Qwen 3.5 27B,zero-shot-cot,7.32 ± 0.37,6.04 ± 0.00,9.05 ± 0.00,7.32 ± 0.37,3110,5,0,0,2026-09-10T02:10 → 2026-09-10T08:56,pub_007_goemotions715_qwen,0.00,qwen/qwen3.5-27b,Qwen3.5 27B
goemotions,Qwen 3.5 27B,one-shot-cot,7.32 ± 0.33,6.04 ± 0.00,9.05 ± 0.01,7.32 ± 0.33,3110,5,0,9,2026-09-10T08:56 → 2026-09-10T17:08,pub_007_goemotions715_qwen,0.00,qwen/qwen3.5-27b,Qwen3.5 27B
