cell_id,N_total,N_safety_intercept,N_attributable,N_valid,N_model_invalid,N_infra_failed,N_unaccounted,correct,incorrect,accuracy_conditional,accuracy_effective,macro_precision,macro_recall,macro_f1,evaluability,accuracy_conditional_exact,accuracy_effective_exact,macro_f1_exact
dreaddit|google/gemma-4-31b-it|one-shot-cot|run1,715,16,699,699,0,0,0,470,229,0.6723891273247496,0.6723891273247496,0.7525094176279277,0.6767441860465117,0.6474245878349357,1.0,470/699,470/699,97978/151335
dreaddit|google/gemma-4-31b-it|one-shot-cot|run2,715,16,699,699,0,0,0,466,233,0.6666666666666666,0.6666666666666666,0.7513891561628019,0.6711554208974779,0.6394649984393574,1.0,2/3,2/3,96290/150579
dreaddit|google/gemma-4-31b-it|one-shot-cot|run3,715,16,699,699,0,0,0,478,221,0.6838340486409156,0.6838340486409156,0.7640526932891923,0.6881018670160498,0.6608412718973735,1.0,478/699,478/699,300998/455477
dreaddit|google/gemma-4-31b-it|one-shot-cot|run4,715,16,699,699,0,0,0,474,225,0.6781115879828327,0.6781115879828327,0.7583198051948052,0.6824230265312807,0.6541468295418311,1.0,158/233,158/233,59494/90949
dreaddit|google/gemma-4-31b-it|one-shot-cot|run5,715,16,699,699,0,0,0,473,226,0.6766809728183119,0.6766809728183119,0.755143272760858,0.6809695381591877,0.6528898381057849,1.0,473/699,473/699,49523/75852
dreaddit|google/gemma-4-31b-it|zero-shot-cot|run1,715,16,699,699,0,0,0,471,228,0.6738197424892703,0.6738197424892703,0.7533892382948987,0.678152636750737,0.649250840713418,1.0,157/233,157/233,73751/113594
dreaddit|google/gemma-4-31b-it|zero-shot-cot|run2,715,16,699,699,0,0,0,472,227,0.6752503576537912,0.6752503576537912,0.7565981890076979,0.67960612512283,0.650503849076552,1.0,472/699,472/699,98444/151335
dreaddit|google/gemma-4-31b-it|zero-shot-cot|run3,715,16,699,699,0,0,0,471,228,0.6738197424892703,0.6738197424892703,0.7488897536855599,0.6780625614150017,0.6503773253773254,1.0,157/233,157/233,74117/113960
dreaddit|google/gemma-4-31b-it|zero-shot-cot|run4,715,16,699,699,0,0,0,472,227,0.6752503576537912,0.6752503576537912,0.7589956084431223,0.6796511627906977,0.6499270833103515,1.0,472/699,472/699,294584/453257
dreaddit|google/gemma-4-31b-it|zero-shot-cot|run5,715,16,699,699,0,0,0,472,227,0.6752503576537912,0.6752503576537912,0.7520001379405477,0.6795160497870947,0.651633342627619,1.0,472/699,472/699,296804/455477
dreaddit|google/gemma-4-31b-it|zero-shot|run1,715,16,699,699,0,0,0,484,215,0.6924177396280401,0.6924177396280401,0.7625779967159277,0.6964174582377989,0.6730809808984536,1.0,484/699,484/699,309416/459701
dreaddit|google/gemma-4-31b-it|zero-shot|run2,715,16,699,699,0,0,0,486,213,0.6952789699570815,0.6952789699570815,0.7603243416827232,0.6991442843105142,0.6775278586976533,1.0,162/233,162/233,312818/461705
dreaddit|google/gemma-4-31b-it|zero-shot|run3,715,16,699,699,0,0,0,480,219,0.6866952789699571,0.6866952789699571,0.7549261083743842,0.6906935800851621,0.6669987665895876,1.0,160/233,160/233,306620/459701
dreaddit|google/gemma-4-31b-it|zero-shot|run4,715,16,699,699,0,0,0,486,213,0.6952789699570815,0.6952789699570815,0.7622980870840432,0.6991893219783819,0.677066229977551,1.0,162/233,162/233,312158/461045
dreaddit|google/gemma-4-31b-it|zero-shot|run5,715,16,699,699,0,0,0,487,212,0.6967095851216023,0.6967095851216023,0.7612203758612598,0.7005527350147396,0.6792689683831423,1.0,487/699,487/699,78461/115508
dreaddit|meta-llama/llama-4-scout|one-shot-cot|run1,715,16,699,697,2,0,0,523,174,0.7503586800573888,0.748211731044349,0.7564231738035264,0.7515194939961457,0.7494049094966526,0.9971387696709585,523/697,523/699,60447/80660
dreaddit|meta-llama/llama-4-scout|one-shot-cot|run2,715,16,699,698,1,0,0,530,168,0.7593123209169055,0.7582260371959942,0.7646356532193428,0.7602893837866246,0.7585192873205328,0.9985693848354793,265/349,530/699,4385/5781
dreaddit|meta-llama/llama-4-scout|one-shot-cot|run3,715,16,699,697,2,0,0,523,174,0.7503586800573888,0.748211731044349,0.755938918764973,0.7516637838728276,0.7495746332760671,0.9971387696709585,523/697,523/699,181505/242144
dreaddit|meta-llama/llama-4-scout|one-shot-cot|run4,715,16,699,697,2,0,0,521,176,0.7474892395982783,0.7453505007153076,0.7539654505390995,0.7486946352390835,0.7464322920972997,0.9971387696709585,521/697,521/699,45139/60473
dreaddit|meta-llama/llama-4-scout|one-shot-cot|run5,715,16,699,698,1,0,0,525,173,0.7521489971346705,0.7510729613733905,0.7594376092510421,0.7535293393011128,0.7510201136094187,0.9985693848354793,525/698,175/233,364241/484995
dreaddit|meta-llama/llama-4-scout|zero-shot-cot|run1,715,16,699,686,13,0,0,509,177,0.7419825072886297,0.7281831187410587,0.7534301856335754,0.7428935736144169,0.7394975831729624,0.9814020028612304,509/686,509/699,114895/155369
dreaddit|meta-llama/llama-4-scout|zero-shot-cot|run2,715,16,699,690,9,0,0,510,180,0.7391304347826086,0.7296137339055794,0.7470884740750988,0.7401373005402953,0.737522824102252,0.9871244635193133,17/23,170/233,4847/6572
dreaddit|meta-llama/llama-4-scout|zero-shot-cot|run3,715,16,699,689,10,0,0,511,178,0.7416545718432511,0.7310443490701002,0.7491903920753671,0.7425127245761284,0.7401168014375562,0.9856938483547926,511/689,511/699,3295/4452
dreaddit|meta-llama/llama-4-scout|zero-shot-cot|run4,715,16,699,689,10,0,0,517,172,0.7503628447024674,0.7396280400572246,0.7576138622418114,0.751192402332558,0.7489875455392697,0.9856938483547926,517/689,517/699,88403/118030
dreaddit|meta-llama/llama-4-scout|zero-shot-cot|run5,715,16,699,689,10,0,0,515,174,0.7474600870827286,0.7367668097281831,0.7551883600270697,0.7478344764825832,0.7457197882376896,0.9856938483547926,515/689,515/699,175793/235736
dreaddit|meta-llama/llama-4-scout|zero-shot|run1,715,16,699,680,19,0,0,512,168,0.7529411764705882,0.7324749642346209,0.7564912280701754,0.7529411764705882,0.7520833333333333,0.9728183118741058,64/85,512/699,361/480
dreaddit|meta-llama/llama-4-scout|zero-shot|run2,715,16,699,677,22,0,0,511,166,0.7548005908419497,0.7310443490701002,0.7570370565600126,0.7553857299977305,0.7545172564438619,0.9685264663805436,511/677,511/699,172709/228900
dreaddit|meta-llama/llama-4-scout|zero-shot|run3,715,16,699,672,27,0,0,510,162,0.7589285714285714,0.7296137339055794,0.7607414550519661,0.7586720051022215,0.7583806818181819,0.9613733905579399,85/112,170/233,5339/7040
dreaddit|meta-llama/llama-4-scout|zero-shot|run4,715,16,699,680,19,0,0,507,173,0.7455882352941177,0.7253218884120172,0.7473880044266681,0.7455882352941177,0.7451246752852831,0.9728183118741058,507/680,169/233,343919/461559
dreaddit|meta-llama/llama-4-scout|zero-shot|run5,715,16,699,680,19,0,0,510,170,0.75,0.7296137339055794,0.7525215918121403,0.7501448974472098,0.749445138021917,0.9728183118741058,3/4,170/233,21611/28836
dreaddit|microsoft/phi-4|one-shot-cot|run1,715,16,699,695,4,0,0,514,181,0.739568345323741,0.7353361945636624,0.7493610415451645,0.7408105287569573,0.7376127652917558,0.994277539341917,514/695,514/699,70726/95885
dreaddit|microsoft/phi-4|one-shot-cot|run2,715,16,699,695,4,0,0,498,197,0.7165467625899281,0.7124463519313304,0.7284342829366526,0.7179714418234826,0.7136418300653595,0.994277539341917,498/695,166/233,68242/95625
dreaddit|microsoft/phi-4|one-shot-cot|run3,715,16,699,697,2,0,0,512,185,0.7345767575322812,0.7324749642346209,0.755052790346908,0.7367528125051473,0.7302772635520275,0.9971387696709585,512/697,512/699,69824/95613
dreaddit|microsoft/phi-4|one-shot-cot|run4,715,16,699,696,3,0,0,516,180,0.7413793103448276,0.7381974248927039,0.7540660764413734,0.7429364299341752,0.7388868509687532,0.9957081545064378,43/58,172/233,22157/29987
dreaddit|microsoft/phi-4|one-shot-cot|run5,715,16,699,696,3,0,0,511,185,0.7341954022988506,0.7310443490701002,0.749774548001576,0.7355972515856237,0.7307261985674701,0.9957081545064378,511/696,511/699,69883/95635
dreaddit|microsoft/phi-4|zero-shot-cot|run1,715,16,699,691,8,0,0,489,202,0.7076700434153401,0.6995708154506438,0.7457348055501271,0.7107298474945534,0.6977802605140996,0.9885550786838341,489/691,163/233,161137/230928
dreaddit|microsoft/phi-4|zero-shot-cot|run2,715,16,699,695,4,0,0,488,207,0.702158273381295,0.698140200286123,0.740727212514367,0.7046986814206202,0.6913596138374899,0.994277539341917,488/695,488/699,21484/31075
dreaddit|microsoft/phi-4|zero-shot-cot|run3,715,16,699,695,4,0,0,489,206,0.7035971223021583,0.6995708154506438,0.7404845458226481,0.7066207776286798,0.6936884895164741,0.994277539341917,489/695,163/233,32423/46740
dreaddit|microsoft/phi-4|zero-shot-cot|run4,715,16,699,693,6,0,0,492,201,0.70995670995671,0.703862660944206,0.7437596832501291,0.7123256860098965,0.7009910936805703,0.9914163090128756,164/231,164/233,36284/51761
dreaddit|microsoft/phi-4|zero-shot-cot|run5,715,16,699,692,7,0,0,489,203,0.7066473988439307,0.6995708154506438,0.7388965201465202,0.7092387898839512,0.6980147256408878,0.9899856938483548,489/692,163/233,324699/465175
dreaddit|microsoft/phi-4|zero-shot|run1,715,16,699,679,20,0,0,511,168,0.7525773195876289,0.7310443490701002,0.7576286424453964,0.7536579015881281,0.751840442750483,0.9713876967095851,73/97,511/699,14400/19153
dreaddit|microsoft/phi-4|zero-shot|run2,715,16,699,665,34,0,0,490,175,0.7368421052631579,0.7010014306151645,0.7388814077484396,0.7375413929754085,0.7366038589939455,0.9513590844062947,14/19,490/699,13018/17673
dreaddit|microsoft/phi-4|zero-shot|run3,715,16,699,682,17,0,0,518,164,0.7595307917888563,0.7410586552217453,0.7651151799467861,0.760554293971924,0.7587007360999646,0.9756795422031473,259/341,518/699,87919/115881
dreaddit|microsoft/phi-4|zero-shot|run4,715,16,699,682,17,0,0,509,173,0.7463343108504399,0.7281831187410587,0.7527131782945736,0.7482874354561102,0.7455854923397053,0.9756795422031473,509/682,509/699,345769/463755
dreaddit|microsoft/phi-4|zero-shot|run5,715,16,699,681,18,0,0,496,185,0.7283406754772394,0.709585121602289,0.7398684916800858,0.7314814814814815,0.7266217491781402,0.9742489270386266,496/681,496/699,22324/30723
dreaddit|mistralai/mistral-small-2603|one-shot-cot|run1,715,16,699,699,0,0,0,465,234,0.6652360515021459,0.6652360515021459,0.748078718666954,0.6697019325253849,0.6382243652127754,1.0,155/233,155/233,144277/226060
dreaddit|mistralai/mistral-small-2603|one-shot-cot|run2,715,16,699,699,0,0,0,474,225,0.6781115879828327,0.6781115879828327,0.7606869603874681,0.6824680641991484,0.6535831103181683,1.0,158/233,158/233,2198/3363
dreaddit|mistralai/mistral-small-2603|one-shot-cot|run3,715,16,699,699,0,0,0,470,229,0.6723891273247496,0.6723891273247496,0.7548696699249186,0.6767892237143793,0.6468427404320286,1.0,470/699,470/699,293186/453257
dreaddit|mistralai/mistral-small-2603|one-shot-cot|run4,715,16,699,699,0,0,0,474,225,0.6781115879828327,0.6781115879828327,0.7656261170022638,0.6825581395348838,0.6524317073332435,1.0,158/233,158/233,295226/452501
dreaddit|mistralai/mistral-small-2603|one-shot-cot|run5,715,16,699,699,0,0,0,471,228,0.6738197424892703,0.6738197424892703,0.7533892382948987,0.678152636750737,0.649250840713418,1.0,157/233,157/233,73751/113594
dreaddit|mistralai/mistral-small-2603|zero-shot-cot|run1,715,16,699,698,1,0,0,458,240,0.6561604584527221,0.6552217453505007,0.7398402948402948,0.6603189462619893,0.6267279873793417,0.9985693848354793,229/349,458/699,23439/37399
dreaddit|mistralai/mistral-small-2603|zero-shot-cot|run2,715,16,699,699,0,0,0,465,234,0.6652360515021459,0.6652360515021459,0.7609988931931378,0.6699271208647232,0.6350602409638554,1.0,155/233,155/233,5271/8300
dreaddit|mistralai/mistral-small-2603|zero-shot-cot|run3,715,16,699,699,0,0,0,463,236,0.6623748211731044,0.6623748211731044,0.7566031091210947,0.6670651817884048,0.6319410977242302,1.0,463/699,463/699,23603/37350
dreaddit|mistralai/mistral-small-2603|zero-shot-cot|run4,715,16,699,699,0,0,0,460,239,0.6580829756795422,0.6580829756795422,0.7513528206943637,0.6627947920078611,0.6269269334095583,1.0,460/699,460/699,280736/447797
dreaddit|mistralai/mistral-small-2603|zero-shot-cot|run5,715,16,699,699,0,0,0,464,235,0.6638054363376252,0.6638054363376252,0.7521582380929024,0.6683835571568949,0.6351166742561392,1.0,464/699,464/699,57184/90037
dreaddit|mistralai/mistral-small-2603|zero-shot|run1,715,16,699,699,0,0,0,479,220,0.6852646638054364,0.6852646638054364,0.7603664850749629,0.6894202423845398,0.6637012543956332,1.0,479/699,479/699,25291/38106
dreaddit|mistralai/mistral-small-2603|zero-shot|run2,715,16,699,699,0,0,0,479,220,0.6852646638054364,0.6852646638054364,0.7560805422647527,0.6893301670488045,0.6647277357240032,1.0,479/699,479/699,76223/114668
dreaddit|mistralai/mistral-small-2603|zero-shot|run3,715,16,699,698,1,0,0,476,222,0.6819484240687679,0.6809728183118741,0.7539757412398922,0.6857016160819867,0.660354033509561,0.9985693848354793,238/349,476/699,25106/38019
dreaddit|mistralai/mistral-small-2603|zero-shot|run4,715,16,699,699,0,0,0,482,217,0.6895565092989986,0.6895565092989986,0.7608280746657252,0.6936005568293482,0.6695481866684676,1.0,482/699,482/699,9914/14807
dreaddit|mistralai/mistral-small-2603|zero-shot|run5,715,16,699,699,0,0,0,482,217,0.6895565092989986,0.6895565092989986,0.758752052545156,0.6935555191614805,0.6700398737440205,1.0,482/699,482/699,308018/459701
dreaddit|qwen/qwen3.5-27b|one-shot-cot|run1,715,16,699,699,0,0,0,454,245,0.6494992846924177,0.6494992846924177,0.7581887587565674,0.6545242384539797,0.6124970301734378,1.0,454/699,454/699,2578/4209
dreaddit|qwen/qwen3.5-27b|one-shot-cot|run2,715,16,699,698,1,0,0,453,245,0.6489971346704871,0.648068669527897,0.7579119378904257,0.6535852713178295,0.6114424639014803,0.9985693848354793,453/698,151/233,53821/88023
dreaddit|qwen/qwen3.5-27b|one-shot-cot|run3,715,16,699,698,1,0,0,451,247,0.6461318051575932,0.6452074391988555,0.7563211169284467,0.6507604125607673,0.607492891178687,0.9985693848354793,451/698,451/699,266837/439243
dreaddit|qwen/qwen3.5-27b|one-shot-cot|run4,715,16,699,698,1,0,0,452,246,0.6475644699140402,0.6466380543633763,0.7571178821178821,0.6521728419392984,0.6094705240174673,0.9985693848354793,226/349,452/699,22331/36640
dreaddit|qwen/qwen3.5-27b|one-shot-cot|run5,715,16,699,698,1,0,0,453,245,0.6489971346704871,0.648068669527897,0.7579119378904257,0.6535852713178295,0.6114424639014803,0.9985693848354793,453/698,151/233,53821/88023
dreaddit|qwen/qwen3.5-27b|zero-shot-cot|run1,715,16,699,645,54,0,0,423,222,0.6558139534883721,0.6051502145922747,0.7485910316098995,0.6370099552400061,0.6031319290465632,0.9227467811158798,141/215,141/233,21761/36080
dreaddit|qwen/qwen3.5-27b|zero-shot-cot|run2,715,16,699,644,55,0,0,419,225,0.6506211180124224,0.5994277539341917,0.7446820056435859,0.63091954356726,0.5948156537058009,0.9213161659513591,419/644,419/699,4727/7947
dreaddit|qwen/qwen3.5-27b|zero-shot-cot|run3,715,16,699,649,50,0,0,423,226,0.6517719568567026,0.6051502145922747,0.7463428194169359,0.6350020946795141,0.5992250857979758,0.9284692417739628,423/649,141/233,109651/182988
dreaddit|qwen/qwen3.5-27b|zero-shot-cot|run4,715,16,699,646,53,0,0,424,222,0.6563467492260062,0.6065808297567954,0.7527428371767995,0.6390522875816993,0.6044461606354811,0.9241773962804005,212/323,424/699,54787/90640
dreaddit|qwen/qwen3.5-27b|zero-shot-cot|run5,715,16,699,642,57,0,0,416,226,0.6479750778816199,0.5951359084406295,0.742340532395781,0.6269229645073606,0.5896719457013575,0.9184549356223176,208/321,416/699,52127/88400
dreaddit|qwen/qwen3.5-27b|zero-shot|run1,715,16,699,697,2,0,0,482,215,0.6915351506456241,0.6895565092989986,0.7559101399883523,0.6954217522360033,0.6734566246761369,0.9971387696709585,482/697,482/699,7538/11193
dreaddit|qwen/qwen3.5-27b|zero-shot|run2,715,16,699,698,1,0,0,484,214,0.6934097421203438,0.6924177396280401,0.7571857571857572,0.6969189331231113,0.6754955377703624,0.9985693848354793,242/349,484/699,77734/115077
dreaddit|qwen/qwen3.5-27b|zero-shot|run3,715,16,699,698,1,0,0,484,214,0.6934097421203438,0.6924177396280401,0.7571857571857572,0.6969189331231113,0.6754955377703624,0.9985693848354793,242/349,484/699,77734/115077
dreaddit|qwen/qwen3.5-27b|zero-shot|run4,715,16,699,698,1,0,0,483,215,0.6919770773638968,0.6909871244635193,0.7562728065359899,0.6955065037445802,0.6737459753597447,0.9985693848354793,483/698,161/233,309909/459979
dreaddit|qwen/qwen3.5-27b|zero-shot|run5,715,16,699,697,2,0,0,482,215,0.6915351506456241,0.6895565092989986,0.7578661451542807,0.6954670488049941,0.6729863197840494,0.9971387696709585,482/697,482/699,308398/458253
goemotions|google/gemma-4-31b-it|one-shot-cot|run1,623,1,622,622,0,0,0,506,116,0.8135048231511254,0.8135048231511254,0.6901560255908082,0.5498743768969642,0.5811014230327944,1.0,253/311,253/311,21373259/36780600
goemotions|google/gemma-4-31b-it|one-shot-cot|run2,623,1,622,622,0,0,0,506,116,0.8135048231511254,0.8135048231511254,0.6923734623916112,0.5519328350813635,0.5836509285795243,1.0,253/311,253/311,7209373/12352200
goemotions|google/gemma-4-31b-it|one-shot-cot|run3,623,1,622,621,1,0,0,506,115,0.8148148148148148,0.8135048231511254,0.6995900638523589,0.5507893752338197,0.5928551721637618,0.9983922829581994,22/27,253/311,8176288/13791375
goemotions|google/gemma-4-31b-it|one-shot-cot|run4,623,1,622,620,2,0,0,503,117,0.8112903225806452,0.8086816720257235,0.6824798158814552,0.5496791994014216,0.5797087039944183,0.9967845659163987,503/620,503/622,332347/573300
goemotions|google/gemma-4-31b-it|one-shot-cot|run5,623,1,622,618,4,0,0,508,110,0.8220064724919094,0.8167202572347267,0.7087840788570715,0.5548509247059972,0.5888086703495973,0.9935691318327974,254/309,254/311,698121/1185650
goemotions|google/gemma-4-31b-it|zero-shot-cot|run1,623,1,622,622,0,0,0,506,116,0.8135048231511254,0.8135048231511254,0.7025412087912087,0.5401075320856292,0.5819312513708484,1.0,253/311,253/311,2573226452/4421873625
goemotions|google/gemma-4-31b-it|zero-shot-cot|run2,623,1,622,622,0,0,0,509,113,0.8183279742765274,0.8183279742765274,0.7144639674051438,0.543398023124238,0.5830688469392383,1.0,509/622,509/622,55787899/95679780
goemotions|google/gemma-4-31b-it|zero-shot-cot|run3,623,1,622,622,0,0,0,506,116,0.8135048231511254,0.8135048231511254,0.6924815452947486,0.5401075320856292,0.570811592771033,1.0,253/311,253/311,58930703/103240200
goemotions|google/gemma-4-31b-it|zero-shot-cot|run4,623,1,622,622,0,0,0,511,111,0.8215434083601286,0.8215434083601286,0.718137831161087,0.5483362947291763,0.5928026181442531,1.0,511/622,511/622,660492452/1114186125
goemotions|google/gemma-4-31b-it|zero-shot-cot|run5,623,1,622,622,0,0,0,510,112,0.819935691318328,0.819935691318328,0.717599885286718,0.5438087007423079,0.5875512001475445,1.0,255/311,255/311,2556968548/4351907625
goemotions|google/gemma-4-31b-it|zero-shot|run1,623,1,622,622,0,0,0,513,109,0.8247588424437299,0.8247588424437299,0.7341598233294985,0.555333024518514,0.6054183172213494,1.0,513/622,513/622,1884419/3112590
goemotions|google/gemma-4-31b-it|zero-shot|run2,623,1,622,622,0,0,0,511,111,0.8215434083601286,0.8215434083601286,0.6997603121516165,0.5545116692823743,0.5902025518245965,1.0,511/622,511/622,148092739/250918500
goemotions|google/gemma-4-31b-it|zero-shot|run3,623,1,622,622,0,0,0,507,115,0.815112540192926,0.815112540192926,0.7027886171124013,0.5487520424412964,0.587758668115364,1.0,507/622,507/622,8547069/14541800
goemotions|google/gemma-4-31b-it|zero-shot|run4,623,1,622,622,0,0,0,510,112,0.819935691318328,0.819935691318328,0.7172627486516904,0.5520425334799052,0.593197552169596,1.0,255/311,255/311,11267657/18994780
goemotions|google/gemma-4-31b-it|zero-shot|run5,623,1,622,622,0,0,0,508,114,0.8167202572347267,0.8167202572347267,0.7010221471479309,0.5471042618749669,0.5892660718851747,1.0,254/311,254/311,909429576/1543325875
goemotions|meta-llama/llama-4-scout|one-shot-cot|run1,623,1,622,595,27,0,0,455,140,0.7647058823529411,0.7315112540192926,0.5349985308097831,0.6264170636213647,0.5469553017333245,0.9565916398713826,13/17,455/622,27382721/50063910
goemotions|meta-llama/llama-4-scout|one-shot-cot|run2,623,1,622,595,27,0,0,464,131,0.7798319327731092,0.7459807073954984,0.5482479610397231,0.6260548757879125,0.5487039909459739,0.9565916398713826,464/595,232/311,5430057/9896150
goemotions|meta-llama/llama-4-scout|one-shot-cot|run3,623,1,622,592,30,0,0,448,144,0.7567567567567568,0.7202572347266881,0.51710615280595,0.6075456227891396,0.5258031293325411,0.9517684887459807,28/37,224/311,132739/252450
goemotions|meta-llama/llama-4-scout|one-shot-cot|run4,623,1,622,593,29,0,0,454,139,0.7655986509274874,0.729903536977492,0.5424973637072995,0.6327595103284678,0.5599477495751464,0.9533762057877814,454/593,227/311,957677547/1710298055
goemotions|meta-llama/llama-4-scout|one-shot-cot|run5,623,1,622,592,30,0,0,455,137,0.768581081081081,0.7315112540192926,0.5350354627070306,0.6181325645421017,0.5399571560747554,0.9517684887459807,455/592,455/622,25357009/46961150
goemotions|meta-llama/llama-4-scout|zero-shot-cot|run1,623,1,622,583,39,0,0,431,152,0.7392795883361921,0.6929260450160771,0.5333096136056358,0.6450452436902981,0.5480068806791589,0.9372990353697749,431/583,431/622,133751453/244068930
goemotions|meta-llama/llama-4-scout|zero-shot-cot|run2,623,1,622,584,38,0,0,421,163,0.7208904109589042,0.6768488745980707,0.506702895258094,0.5808494614876006,0.5104659926098561,0.9389067524115756,421/584,421/622,52337287/102528450
goemotions|meta-llama/llama-4-scout|zero-shot-cot|run3,623,1,622,582,40,0,0,429,153,0.7371134020618557,0.6897106109324759,0.5277170763788905,0.6034262188219481,0.5330800710229892,0.9356913183279743,143/194,429/622,299966888/562705125
goemotions|meta-llama/llama-4-scout|zero-shot-cot|run4,623,1,622,583,39,0,0,417,166,0.7152658662092625,0.6704180064308681,0.5077327569713493,0.6274446515305546,0.528483709719853,0.9372990353697749,417/583,417/622,15567941/29457750
goemotions|meta-llama/llama-4-scout|zero-shot-cot|run5,623,1,622,585,37,0,0,425,160,0.7264957264957265,0.6832797427652733,0.5089460301028624,0.6390190371302706,0.5280455522187127,0.9405144694533762,85/117,425/622,1631703/3090080
goemotions|meta-llama/llama-4-scout|zero-shot|run1,623,1,622,602,20,0,0,438,164,0.7275747508305648,0.7041800643086816,0.4959328459638057,0.6262345209951593,0.525099858428557,0.9678456591639871,219/301,219/311,415417/791120
goemotions|meta-llama/llama-4-scout|zero-shot|run2,623,1,622,600,22,0,0,443,157,0.7383333333333333,0.7122186495176849,0.5214444223103303,0.6546977442388835,0.5447847699598198,0.9646302250803859,443/600,443/622,701408362/1287496275
goemotions|meta-llama/llama-4-scout|zero-shot|run3,623,1,622,599,23,0,0,434,165,0.7245409015025042,0.6977491961414791,0.4771402681079163,0.6178412261158188,0.500008289986719,0.9630225080385852,434/599,217/311,23462429/46924080
goemotions|meta-llama/llama-4-scout|zero-shot|run4,623,1,622,600,22,0,0,434,166,0.7233333333333334,0.6977491961414791,0.5036684516323692,0.6354033023925497,0.5237978864212377,0.9646302250803859,217/300,217/311,12544907/23949900
goemotions|meta-llama/llama-4-scout|zero-shot|run5,623,1,622,596,26,0,0,429,167,0.7197986577181208,0.6897106109324759,0.4859407125285918,0.6236350574712644,0.5071346957542269,0.9581993569131833,429/596,429/622,3307310239/6521561760
goemotions|microsoft/phi-4|one-shot-cot|run1,623,1,622,571,51,0,0,456,115,0.7985989492119089,0.7331189710610932,0.6582222222222223,0.5355073337351819,0.5385927011525449,0.9180064308681672,456/571,228/311,744187/1381725
goemotions|microsoft/phi-4|one-shot-cot|run2,623,1,622,560,62,0,0,449,111,0.8017857142857143,0.7218649517684887,0.596387403446227,0.5105335968379446,0.5058094081070136,0.9003215434083601,449/560,449/622,4840027/9568875
goemotions|microsoft/phi-4|one-shot-cot|run3,623,1,622,573,49,0,0,461,112,0.8045375218150087,0.7411575562700965,0.6473930589184826,0.4938243057755253,0.49928083600572554,0.9212218649517685,461/573,461/622,4454319/8921470
goemotions|microsoft/phi-4|one-shot-cot|run4,623,1,622,556,66,0,0,448,108,0.8057553956834532,0.7202572347266881,0.6719103313840156,0.5747672159685507,0.5360506772510287,0.8938906752411575,112/139,224/311,93971777/175303905
goemotions|microsoft/phi-4|one-shot-cot|run5,623,1,622,351,271,0,0,279,72,0.7948717948717948,0.44855305466237944,0.6628043205362792,0.6342181837886167,0.6231499586700467,0.5643086816720257,31/39,279/622,7331406/11765075
goemotions|microsoft/phi-4|zero-shot-cot|run1,623,1,622,593,29,0,0,480,113,0.8094435075885329,0.7717041800643086,0.6247593571257694,0.5819131299734748,0.5770040485829959,0.9533762057877814,480/593,240/311,3563/6175
goemotions|microsoft/phi-4|zero-shot-cot|run2,623,1,622,574,48,0,0,466,108,0.8118466898954704,0.7491961414790996,0.6293549153347585,0.5763926278375395,0.5602654891157565,0.9228295819935691,233/287,233/311,2074439/3702600
goemotions|microsoft/phi-4|zero-shot-cot|run3,623,1,622,579,43,0,0,471,108,0.8134715025906736,0.7572347266881029,0.6665811926108298,0.5906626901252561,0.5715532739227264,0.9308681672025724,157/193,471/622,149627546/261791075
goemotions|microsoft/phi-4|zero-shot-cot|run4,623,1,622,587,35,0,0,474,113,0.807495741056218,0.7620578778135049,0.6377592492573589,0.5557818459191457,0.5565015548071095,0.9437299035369775,474/587,237/311,26275143/47214860
goemotions|microsoft/phi-4|zero-shot-cot|run5,623,1,622,594,28,0,0,478,116,0.8047138047138047,0.7684887459807074,0.619014319014319,0.5789021229666391,0.5519009697835551,0.954983922829582,239/297,239/311,4693628/8504475
goemotions|microsoft/phi-4|zero-shot|run1,623,1,622,571,51,0,0,446,125,0.7810858143607706,0.7170418006430869,0.5428580156402737,0.5589306370950207,0.5242270907387186,0.9180064308681672,446/571,223/311,1692323/3228225
goemotions|microsoft/phi-4|zero-shot|run2,623,1,622,585,37,0,0,453,132,0.7743589743589744,0.7282958199356914,0.5967436149312377,0.5515384615384615,0.5396939405979949,0.9405144694533762,151/195,453/622,87982134/163022275
goemotions|microsoft/phi-4|zero-shot|run3,623,1,622,579,43,0,0,456,123,0.7875647668393783,0.7331189710610932,0.5723820312204301,0.528799889135255,0.5122727212912052,0.9308681672025724,152/193,228/311,51580164/100688875
goemotions|microsoft/phi-4|zero-shot|run4,623,1,622,595,27,0,0,473,122,0.7949579831932773,0.7604501607717041,0.5969414795730585,0.5564099290805645,0.553467506124707,0.9565916398713826,473/595,473/622,1050509/1898050
goemotions|microsoft/phi-4|zero-shot|run5,623,1,622,589,33,0,0,462,127,0.7843803056027164,0.7427652733118971,0.605325065209902,0.5599189481542423,0.5414224790622306,0.9469453376205788,462/589,231/311,5354357/9889425
goemotions|mistralai/mistral-small-2603|one-shot-cot|run1,623,1,622,619,3,0,0,489,130,0.789983844911147,0.7861736334405145,0.6028469808308518,0.6223456790123457,0.6010553765201188,0.9951768488745981,489/619,489/622,1163759423/1936193350
goemotions|mistralai/mistral-small-2603|one-shot-cot|run2,623,1,622,618,4,0,0,485,133,0.7847896440129449,0.7797427652733119,0.5740957616053893,0.6138734480763466,0.5806261662865436,0.9935691318327974,485/618,485/622,70009/120575
goemotions|mistralai/mistral-small-2603|one-shot-cot|run3,623,1,622,620,2,0,0,490,130,0.7903225806451613,0.7877813504823151,0.5962128325508608,0.6223925393684844,0.5955327640994845,0.9967845659163987,49/62,245/311,154123126/258798735
goemotions|mistralai/mistral-small-2603|one-shot-cot|run4,623,1,622,621,1,0,0,488,133,0.785829307568438,0.7845659163987139,0.5921089764463259,0.6155555555555555,0.5948626269554672,0.9983922829581994,488/621,244/311,26538071/44612100
goemotions|mistralai/mistral-small-2603|one-shot-cot|run5,623,1,622,620,2,0,0,483,137,0.7790322580645161,0.7765273311897106,0.5966633366633367,0.6097441771668576,0.5978807176650842,0.9967845659163987,483/620,483/622,5550889/9284275
goemotions|mistralai/mistral-small-2603|zero-shot-cot|run1,623,1,622,618,4,0,0,463,155,0.7491909385113269,0.7443729903536977,0.5037375974143671,0.6283871147639264,0.5371021213788716,0.9935691318327974,463/618,463/622,665603863/1239250110
goemotions|mistralai/mistral-small-2603|zero-shot-cot|run2,623,1,622,617,5,0,0,455,162,0.7374392220421394,0.7315112540192926,0.48994757267726485,0.6192443568930429,0.5254344590314224,0.9919614147909968,455/617,455/622,2550472/4854025
goemotions|mistralai/mistral-small-2603|zero-shot-cot|run3,623,1,622,619,3,0,0,459,160,0.7415185783521809,0.7379421221864951,0.4969130076801669,0.620228548107336,0.5296145745587449,0.9951768488745981,459/619,459/622,2642246183/4988998245
goemotions|mistralai/mistral-small-2603|zero-shot-cot|run4,623,1,622,618,4,0,0,460,158,0.7443365695792881,0.7395498392282959,0.49895501956928295,0.639443294225903,0.5338020513719646,0.9935691318327974,230/309,230/311,152227/285175
goemotions|mistralai/mistral-small-2603|zero-shot-cot|run5,623,1,622,619,3,0,0,468,151,0.7560581583198708,0.752411575562701,0.5079370114421661,0.6568676665646362,0.5526390708803776,0.9951768488745981,468/619,234/311,3710393773/6713954855
goemotions|mistralai/mistral-small-2603|zero-shot|run1,623,1,622,621,1,0,0,471,150,0.7584541062801933,0.7572347266881029,0.5145875472495643,0.6403815937149271,0.5483023334856956,0.9983922829581994,157/207,471/622,233914/426615
goemotions|mistralai/mistral-small-2603|zero-shot|run2,623,1,622,620,2,0,0,477,143,0.7693548387096775,0.7668810289389068,0.5355537059635648,0.627315537968459,0.5573492748648332,0.9967845659163987,477/620,477/622,19703236/35351685
goemotions|mistralai/mistral-small-2603|zero-shot|run3,623,1,622,616,6,0,0,480,136,0.7792207792207793,0.7717041800643086,0.5610041407867494,0.6232182765516099,0.5769439844833035,0.9903536977491961,60/77,240/311,4280408/7419105
goemotions|mistralai/mistral-small-2603|zero-shot|run4,623,1,622,619,3,0,0,476,143,0.7689822294022617,0.7652733118971061,0.5435334835503134,0.6081654933170084,0.5592096767404828,0.9951768488745981,476/619,238/311,1893922973/3386785050
goemotions|mistralai/mistral-small-2603|zero-shot|run5,623,1,622,617,5,0,0,477,140,0.773095623987034,0.7668810289389068,0.5541633571107255,0.6154545920244399,0.5656052356596821,0.9919614147909968,477/617,477/622,51422/90915
goemotions|qwen/qwen3.5-27b|one-shot-cot|run1,623,1,622,620,2,0,0,479,141,0.7725806451612903,0.770096463022508,0.5589820565907523,0.5853536510581184,0.5672938901060525,0.9967845659163987,479/620,479/622,5094239/8979894
goemotions|qwen/qwen3.5-27b|one-shot-cot|run2,623,1,622,620,2,0,0,479,141,0.7725806451612903,0.770096463022508,0.5589820565907523,0.5853536510581184,0.5672938901060525,0.9967845659163987,479/620,479/622,5094239/8979894
goemotions|qwen/qwen3.5-27b|one-shot-cot|run3,623,1,622,620,2,0,0,479,141,0.7725806451612903,0.770096463022508,0.5589820565907523,0.5853536510581184,0.5672938901060525,0.9967845659163987,479/620,479/622,5094239/8979894
goemotions|qwen/qwen3.5-27b|one-shot-cot|run4,623,1,622,620,2,0,0,479,141,0.7725806451612903,0.770096463022508,0.5589820565907523,0.5853536510581184,0.5672938901060525,0.9967845659163987,479/620,479/622,5094239/8979894
goemotions|qwen/qwen3.5-27b|one-shot-cot|run5,623,1,622,620,2,0,0,479,141,0.7725806451612903,0.770096463022508,0.5589820565907523,0.5853536510581184,0.5672938901060525,0.9967845659163987,479/620,479/622,5094239/8979894
goemotions|qwen/qwen3.5-27b|zero-shot-cot|run1,623,1,622,622,0,0,0,490,132,0.7877813504823151,0.7877813504823151,0.6039586144849303,0.5618296586674411,0.5755493195546175,1.0,245/311,245/311,9885779/17176250
goemotions|qwen/qwen3.5-27b|zero-shot-cot|run2,623,1,622,622,0,0,0,490,132,0.7877813504823151,0.7877813504823151,0.6039586144849303,0.5618296586674411,0.5755493195546175,1.0,245/311,245/311,9885779/17176250
goemotions|qwen/qwen3.5-27b|zero-shot-cot|run3,623,1,622,622,0,0,0,492,130,0.7909967845659164,0.7909967845659164,0.6112212938751115,0.56470947208798,0.5794155343108903,1.0,246/311,246/311,21288451/36741250
goemotions|qwen/qwen3.5-27b|zero-shot-cot|run4,623,1,622,622,0,0,0,491,131,0.7893890675241158,0.7893890675241158,0.6052577372142144,0.5622403362855108,0.5763036963036963,1.0,491/622,491/622,14422/25025
goemotions|qwen/qwen3.5-27b|zero-shot-cot|run5,623,1,622,622,0,0,0,493,129,0.792604501607717,0.792604501607717,0.6125332940193622,0.5801012636057126,0.5896260390540391,1.0,493/622,493/622,339081889/575079570
goemotions|qwen/qwen3.5-27b|zero-shot|run1,623,1,622,622,0,0,0,489,133,0.7861736334405145,0.7861736334405145,0.5922300697191977,0.5666332501376992,0.5720326784677358,1.0,489/622,489/622,21756116/38032995
goemotions|qwen/qwen3.5-27b|zero-shot|run2,623,1,622,622,0,0,0,490,132,0.7877813504823151,0.7877813504823151,0.6066979041807417,0.5726938561983052,0.5827720601237842,1.0,245/311,245/311,411947/706875
goemotions|qwen/qwen3.5-27b|zero-shot|run3,623,1,622,622,0,0,0,489,133,0.7861736334405145,0.7861736334405145,0.5922300697191977,0.5666332501376992,0.5720326784677358,1.0,489/622,489/622,21756116/38032995
goemotions|qwen/qwen3.5-27b|zero-shot|run4,623,1,622,622,0,0,0,489,133,0.7861736334405145,0.7861736334405145,0.5922300697191977,0.5666332501376992,0.5720326784677358,1.0,489/622,489/622,21756116/38032995
goemotions|qwen/qwen3.5-27b|zero-shot|run5,623,1,622,622,0,0,0,488,134,0.7845659163987139,0.7845659163987139,0.5871372367717314,0.5532999168043659,0.5626626005451077,1.0,244/311,244/311,1345960514/2392127205
