dataset,model,strategy,n_invalid_5runs,majority_class,pool_majority_share,invalid_majority_share,invalid_majority_count,enrichment_ratio,exploratory_binomial_p_two_sided,acc_cond_mean,acc_eff_mean,acc_cond_minus_acc_eff,evaluability_mean,class_counts_of_invalids,exploratory_p_holm_within_this_family,exploratory_holm_significant_0.05,valid_pool_majority_share_per_run,majority_share_shift_valid_minus_pool
dreaddit,Gemma 4 31B,zero-shot,0,1,0.5079,,0,,,0.6933,0.6933,0.0,1.0,{},,,,
dreaddit,Gemma 4 31B,zero-shot-cot,0,1,0.5079,,0,,,0.6747,0.6747,0.0,1.0,{},,,,
dreaddit,Gemma 4 31B,one-shot-cot,0,1,0.5079,,0,,,0.6755,0.6755,0.0,1.0,{},,,,
dreaddit,Llama 4 Scout,zero-shot,106,1,0.5079,0.7264,77,1.43,5.830e-06,0.7525,0.7296,0.0228,0.9697,"{""0"": 29, ""1"": 77}",1.224e-04,True,0.501,-0.0069
dreaddit,Llama 4 Scout,zero-shot-cot,52,1,0.5079,0.7308,38,1.439,1.281e-03,0.7441,0.733,0.0111,0.9851,"{""0"": 14, ""1"": 38}",2.434e-02,True,0.5045,-0.0034
dreaddit,Llama 4 Scout,one-shot-cot,8,1,0.5079,0.375,3,0.738,5.013e-01,0.7519,0.7502,0.0017,0.9977,"{""0"": 5, ""1"": 3}",1.000e+00,False,0.5082,0.0003
dreaddit,Mistral Small 4,zero-shot,1,1,0.5079,1.0,1,1.969,1.000e+00,0.6863,0.6861,0.0002,0.9997,"{""1"": 1}",1.000e+00,False,0.5077,-0.0002
dreaddit,Mistral Small 4,zero-shot-cot,1,1,0.5079,1.0,1,1.969,1.000e+00,0.6611,0.6609,0.0002,0.9997,"{""1"": 1}",1.000e+00,False,0.5077,-0.0002
dreaddit,Mistral Small 4,one-shot-cot,0,1,0.5079,,0,,,0.6735,0.6735,0.0,1.0,{},,,,
dreaddit,Phi-4,zero-shot,106,1,0.5079,0.4245,45,0.836,9.837e-02,0.7447,0.7222,0.0226,0.9697,"{""0"": 61, ""1"": 45}",1.000e+00,False,0.5105,0.0026
dreaddit,Phi-4,zero-shot-cot,29,1,0.5079,0.5862,17,1.154,4.599e-01,0.706,0.7001,0.0059,0.9917,"{""0"": 12, ""1"": 17}",1.000e+00,False,0.5072,-0.0007
dreaddit,Phi-4,one-shot-cot,16,1,0.5079,0.75,12,1.477,7.739e-02,0.7333,0.7299,0.0034,0.9954,"{""0"": 4, ""1"": 12}",1.000e+00,False,0.5068,-0.0011
dreaddit,Qwen3.5 27B,zero-shot,7,1,0.5079,0.7143,5,1.406,4.535e-01,0.6924,0.691,0.0014,0.998,"{""0"": 2, ""1"": 5}",1.000e+00,False,0.5075,-0.0004
dreaddit,Qwen3.5 27B,zero-shot-cot,269,1,0.5079,0.9405,253,1.852,1.169e-54,0.6525,0.6023,0.0502,0.923,"{""0"": 16, ""1"": 253}",2.572e-53,True,0.4718,-0.0361
dreaddit,Qwen3.5 27B,one-shot-cot,4,1,0.5079,1.0,4,1.969,1.252e-01,0.6482,0.6475,0.0007,0.9989,"{""1"": 4}",1.000e+00,False,0.5073,-0.0006
goemotions,Gemma 4 31B,zero-shot,0,non_distress,0.783,,0,,,0.8196,0.8196,0.0,1.0,{},,,,
goemotions,Gemma 4 31B,zero-shot-cot,0,non_distress,0.783,,0,,,0.8174,0.8174,0.0,1.0,{},,,,
goemotions,Gemma 4 31B,one-shot-cot,7,non_distress,0.783,0.8571,6,1.095,1.000e+00,0.815,0.8132,0.0018,0.9977,"{""frustration"": 1, ""non_distress"": 6}",1.000e+00,False,0.7828,-0.0002
goemotions,Llama 4 Scout,zero-shot,113,non_distress,0.783,0.8496,96,1.085,8.780e-02,0.7267,0.7003,0.0264,0.9637,"{""anxiety"": 4, ""fear"": 1, ""frustration"": 5, ""non_distress"": 96, ""sadness"": 7}",1.000e+00,False,0.7804,-0.0026
goemotions,Llama 4 Scout,zero-shot-cot,193,non_distress,0.783,0.8601,166,1.099,8.581e-03,0.7278,0.6826,0.0452,0.9379,"{""anxiety"": 4, ""fear"": 7, ""frustration"": 7, ""non_distress"": 166, ""sadness"": 9}",1.545e-01,False,0.7779,-0.0051
goemotions,Llama 4 Scout,one-shot-cot,143,non_distress,0.783,0.9091,130,1.161,9.773e-05,0.7671,0.7318,0.0353,0.954,"{""anxiety"": 2, ""frustration"": 1, ""non_distress"": 130, ""sadness"": 10}",1.955e-03,True,0.7769,-0.0061
goemotions,Mistral Small 4,zero-shot,17,non_distress,0.783,1.0,17,1.277,3.350e-02,0.7698,0.7656,0.0042,0.9945,"{""non_distress"": 17}",5.360e-01,False,0.7818,-0.0012
goemotions,Mistral Small 4,zero-shot-cot,19,non_distress,0.783,1.0,19,1.277,2.114e-02,0.7457,0.7412,0.0046,0.9939,"{""non_distress"": 19}",3.594e-01,False,0.7816,-0.0014
goemotions,Mistral Small 4,one-shot-cot,12,non_distress,0.783,1.0,12,1.277,8.165e-02,0.786,0.783,0.003,0.9961,"{""non_distress"": 12}",1.000e+00,False,0.7821,-0.0009
goemotions,Phi-4,zero-shot,191,non_distress,0.783,0.801,153,1.023,5.988e-01,0.7845,0.7363,0.0481,0.9386,"{""anxiety"": 3, ""fear"": 4, ""frustration"": 22, ""non_distress"": 153, ""sadness"": 9}",1.000e+00,False,0.7818,-0.0012
goemotions,Phi-4,zero-shot-cot,183,non_distress,0.783,0.765,140,0.977,5.315e-01,0.8094,0.7617,0.0477,0.9412,"{""anxiety"": 2, ""fear"": 4, ""frustration"": 25, ""non_distress"": 140, ""sadness"": 12}",1.000e+00,False,0.7841,0.0011
goemotions,Phi-4,one-shot-cot,499,non_distress,0.783,0.8156,407,1.042,8.212e-02,0.8011,0.673,0.1281,0.8395,"{""anxiety"": 3, ""fear"": 4, ""frustration"": 64, ""non_distress"": 407, ""sadness"": 21}",1.000e+00,False,0.7767,-0.0063
goemotions,Qwen3.5 27B,zero-shot,0,non_distress,0.783,,0,,,0.7862,0.7862,0.0,1.0,{},,,,
goemotions,Qwen3.5 27B,zero-shot-cot,0,non_distress,0.783,,0,,,0.7897,0.7897,0.0,1.0,{},,,,
goemotions,Qwen3.5 27B,one-shot-cot,10,non_distress,0.783,1.0,10,1.277,1.320e-01,0.7726,0.7701,0.0025,0.9968,"{""non_distress"": 10}",1.000e+00,False,0.7823,-0.0007
