dataset,model,strategy,n_attributable_per_run,n_attributable_5runs,acc_eff_mean,acc_eff_sd,acc_eff_ci_low,acc_eff_ci_high,acc_cond_mean,acc_cond_sd,acc_cond_ci_low,acc_cond_ci_high,macro_f1_mean,macro_f1_sd,macro_f1_ci_low,macro_f1_ci_high,macro_p_mean,macro_r_mean,evaluability_mean,evaluability_sd,invalid_rate_mean,model_invalid_records_5runs,safety_intercepts_5runs,majority_baseline_frozen_scalar,majority_baseline_attributable,client_latency_mean_s,client_latency_median_s,holm_sig_pairwise_wins_acc_eff,holm_sig_pairwise_losses_acc_eff,holm_sig_pairwise_wins_macro_f1,holm_sig_pairwise_losses_macro_f1
dreaddit,Gemma 4 31B,zero-shot,699,3495,0.6933,0.0040,0.6592,0.7270,0.6933,0.0040,0.6592,0.7270,0.6748,0.0049,0.6399,0.7089,0.7603,0.6972,1.0000,0.0000,0.0000,0,80,0.516084,0.507868,15.07 ± 2.73,12.06 ± 2.13,0,0,0,2
dreaddit,Gemma 4 31B,zero-shot-cot,699,3495,0.6747,0.0008,0.6406,0.7087,0.6747,0.0008,0.6406,0.7087,0.6503,0.0009,0.6156,0.6854,0.7540,0.6790,1.0000,0.0000,0.0000,0,80,0.516084,0.507868,13.10 ± 1.97,10.26 ± 1.65,1,1,1,2
dreaddit,Gemma 4 31B,one-shot-cot,699,3495,0.6755,0.0064,0.6418,0.7093,0.6755,0.0064,0.6418,0.7093,0.6510,0.0080,0.6165,0.6859,0.7563,0.6799,1.0000,0.0000,0.0000,0,80,0.516084,0.507868,15.14 ± 3.77,12.68 ± 3.91,0,2,0,2
dreaddit,Llama 4 Scout,zero-shot,699,3495,0.7296,0.0027,0.7004,0.7594,0.7525,0.0050,0.7226,0.7824,0.7519,0.0050,0.7214,0.7818,0.7548,0.7525,0.9697,0.0050,0.0303,106,80,0.516084,0.507868,12.46 ± 0.88,12.07 ± 0.01,0,0,3,0
dreaddit,Llama 4 Scout,zero-shot-cot,699,3495,0.7330,0.0049,0.7030,0.7631,0.7441,0.0046,0.7141,0.7745,0.7424,0.0048,0.7116,0.7728,0.7525,0.7449,0.9851,0.0022,0.0149,52,80,0.516084,0.507868,14.08 ± 2.11,12.70 ± 1.38,3,0,4,0
dreaddit,Llama 4 Scout,one-shot-cot,699,3495,0.7502,0.0049,0.7202,0.7803,0.7519,0.0044,0.7219,0.7820,0.7510,0.0045,0.7207,0.7809,0.7581,0.7531,0.9977,0.0008,0.0023,8,80,0.516084,0.507868,10.23 ± 0.64,9.67 ± 1.34,3,0,3,0
dreaddit,Mistral Small 4,zero-shot,699,3495,0.6861,0.0036,0.6524,0.7193,0.6863,0.0033,0.6525,0.7194,0.6657,0.0041,0.6306,0.7000,0.7580,0.6903,0.9997,0.0006,0.0003,1,80,0.516084,0.507868,5.36 ± 0.03,6.06 ± 0.00,0,0,0,2
dreaddit,Mistral Small 4,zero-shot-cot,699,3495,0.6609,0.0042,0.6266,0.6950,0.6611,0.0039,0.6266,0.6952,0.6312,0.0042,0.5948,0.6662,0.7522,0.6657,0.9997,0.0006,0.0003,1,80,0.516084,0.507868,5.25 ± 0.11,6.06 ± 0.01,1,2,0,2
dreaddit,Mistral Small 4,one-shot-cot,699,3495,0.6735,0.0053,0.6395,0.7064,0.6735,0.0053,0.6395,0.7064,0.6481,0.0061,0.6126,0.6824,0.7565,0.6779,1.0000,0.0000,0.0000,0,80,0.516084,0.507868,4.89 ± 0.12,6.04 ± 0.00,0,2,0,2
dreaddit,Phi-4,zero-shot,699,3495,0.7222,0.0164,0.6953,0.7496,0.7447,0.0124,0.7166,0.7720,0.7439,0.0126,0.7156,0.7709,0.7508,0.7463,0.9697,0.0104,0.0303,106,80,0.516084,0.507868,12.91 ± 1.36,10.88 ± 1.64,0,0,3,0
dreaddit,Phi-4,zero-shot-cot,699,3495,0.7001,0.0022,0.6710,0.7296,0.7060,0.0031,0.6765,0.7360,0.6964,0.0038,0.6668,0.7260,0.7419,0.7087,0.9917,0.0026,0.0083,29,80,0.516084,0.507868,12.86 ± 1.19,12.08 ± 0.01,2,0,3,1
dreaddit,Phi-4,one-shot-cot,699,3495,0.7299,0.0101,0.7021,0.7577,0.7333,0.0098,0.7056,0.7614,0.7302,0.0101,0.7023,0.7580,0.7473,0.7348,0.9954,0.0012,0.0046,16,80,0.516084,0.507868,10.13 ± 1.84,9.65 ± 1.35,3,0,3,0
dreaddit,Qwen3.5 27B,zero-shot,699,3495,0.6910,0.0014,0.6569,0.7236,0.6924,0.0010,0.6580,0.7251,0.6742,0.0012,0.6384,0.7081,0.7569,0.6960,0.9980,0.0008,0.0020,7,80,0.516084,0.507868,9.05 ± 0.27,9.08 ± 0.00,0,0,0,2
dreaddit,Qwen3.5 27B,zero-shot-cot,699,3495,0.6023,0.0049,0.5660,0.6383,0.6525,0.0035,0.6160,0.6889,0.5983,0.0061,0.5586,0.6360,0.7469,0.6338,0.9230,0.0037,0.0770,269,80,0.516084,0.507868,8.67 ± 0.24,9.08 ± 0.00,0,4,0,3
dreaddit,Qwen3.5 27B,one-shot-cot,699,3495,0.6475,0.0016,0.6129,0.6813,0.6482,0.0014,0.6137,0.6820,0.6105,0.0020,0.5730,0.6465,0.7575,0.6529,0.9989,0.0006,0.0011,4,80,0.516084,0.507868,8.40 ± 0.45,9.07 ± 0.01,0,2,0,2
