dataset,model,strategy,n_items,acc_eff,acc_eff_ci_low,acc_eff_ci_high,macro_f1,macro_f1_ci_low,macro_f1_ci_high,majority_baseline_attributable,diff_vs_baseline,diff_ci_low,diff_ci_high,p_perm,p_holm,holm_significant_0.05,direction,mcnemar_p_exact,mcnemar_p_holm,mcnemar_holm_significant_0.05,sensitivity_frozen_scalar,sensitivity_diff_vs_frozen_scalar,sensitivity_ci_low,sensitivity_ci_high,evaluability_mean,invalid_rate_mean,model_invalid_records_5runs,acc_eff_5run_sd,macro_f1_5run_sd
dreaddit,Gemma 4 31B,zero-shot,699,0.6933,0.6592,0.7270,0.6748,0.6399,0.7089,0.507868,0.1854,0.1233,0.2486,1.00e-04,1.50e-03,True,above baseline,7.70e-09,6.93e-08,True,0.516084,0.1772,0.1431,0.2110,1.0000,0.0000,0,0.0040,0.0049
dreaddit,Gemma 4 31B,zero-shot-cot,699,0.6747,0.6406,0.7087,0.6503,0.6156,0.6854,0.507868,0.1668,0.1041,0.2318,1.00e-04,1.50e-03,True,above baseline,8.30e-07,4.98e-06,True,0.516084,0.1586,0.1245,0.1926,1.0000,0.0000,0,0.0008,0.0009
dreaddit,Gemma 4 31B,one-shot-cot,699,0.6755,0.6418,0.7093,0.6510,0.6165,0.6859,0.507868,0.1677,0.1044,0.2320,1.00e-04,1.50e-03,True,above baseline,1.11e-06,5.56e-06,True,0.516084,0.1595,0.1257,0.1932,1.0000,0.0000,0,0.0064,0.0080
dreaddit,Llama 4 Scout,zero-shot,699,0.7296,0.7004,0.7594,0.7519,0.7214,0.7818,0.507868,0.2217,0.1711,0.2738,1.00e-04,1.50e-03,True,above baseline,4.88e-17,6.34e-16,True,0.516084,0.2135,0.1843,0.2433,0.9697,0.0303,106,0.0027,0.0050
dreaddit,Llama 4 Scout,zero-shot-cot,699,0.7330,0.7030,0.7631,0.7424,0.7116,0.7728,0.507868,0.2252,0.1725,0.2781,1.00e-04,1.50e-03,True,above baseline,6.78e-17,8.13e-16,True,0.516084,0.2170,0.1869,0.2470,0.9851,0.0149,52,0.0049,0.0048
dreaddit,Llama 4 Scout,one-shot-cot,699,0.7502,0.7202,0.7803,0.7510,0.7207,0.7809,0.507868,0.2423,0.1888,0.2947,1.00e-04,1.50e-03,True,above baseline,1.49e-17,2.08e-16,True,0.516084,0.2341,0.2041,0.2642,0.9977,0.0023,8,0.0049,0.0045
dreaddit,Mistral Small 4,zero-shot,699,0.6861,0.6524,0.7193,0.6657,0.6306,0.7000,0.507868,0.1783,0.1159,0.2415,1.00e-04,1.50e-03,True,above baseline,4.91e-08,3.44e-07,True,0.516084,0.1700,0.1363,0.2032,0.9997,0.0003,1,0.0036,0.0041
dreaddit,Mistral Small 4,zero-shot-cot,699,0.6609,0.6266,0.6950,0.6312,0.5948,0.6662,0.507868,0.1531,0.0875,0.2189,1.00e-04,1.50e-03,True,above baseline,6.66e-06,2.00e-05,True,0.516084,0.1449,0.1105,0.1789,0.9997,0.0003,1,0.0042,0.0042
dreaddit,Mistral Small 4,one-shot-cot,699,0.6735,0.6395,0.7064,0.6481,0.6126,0.6824,0.507868,0.1657,0.1030,0.2303,1.00e-04,1.50e-03,True,above baseline,1.55e-06,6.19e-06,True,0.516084,0.1574,0.1234,0.1904,1.0000,0.0000,0,0.0053,0.0061
dreaddit,Phi-4,zero-shot,699,0.7222,0.6953,0.7496,0.7439,0.7156,0.7709,0.507868,0.2143,0.1645,0.2638,1.00e-04,1.50e-03,True,above baseline,3.70e-18,5.54e-17,True,0.516084,0.2061,0.1792,0.2336,0.9697,0.0303,106,0.0164,0.0126
dreaddit,Phi-4,zero-shot-cot,699,0.7001,0.6710,0.7296,0.6964,0.6668,0.7260,0.507868,0.1923,0.1348,0.2495,1.00e-04,1.50e-03,True,above baseline,4.31e-10,4.31e-09,True,0.516084,0.1841,0.1549,0.2135,0.9917,0.0083,29,0.0022,0.0038
dreaddit,Phi-4,one-shot-cot,699,0.7299,0.7021,0.7577,0.7302,0.7023,0.7580,0.507868,0.2220,0.1697,0.2750,1.00e-04,1.50e-03,True,above baseline,1.93e-14,2.13e-13,True,0.516084,0.2138,0.1861,0.2416,0.9954,0.0046,16,0.0101,0.0101
dreaddit,Qwen3.5 27B,zero-shot,699,0.6910,0.6569,0.7236,0.6742,0.6384,0.7081,0.507868,0.1831,0.1196,0.2443,1.00e-04,1.50e-03,True,above baseline,2.18e-08,1.75e-07,True,0.516084,0.1749,0.1409,0.2075,0.9980,0.0020,7,0.0014,0.0012
dreaddit,Qwen3.5 27B,zero-shot-cot,699,0.6023,0.5660,0.6383,0.5983,0.5586,0.6360,0.507868,0.0944,0.0252,0.1614,6.70e-03,6.70e-03,True,above baseline,6.58e-03,6.58e-03,True,0.516084,0.0862,0.0499,0.1223,0.9230,0.0770,269,0.0049,0.0061
dreaddit,Qwen3.5 27B,one-shot-cot,699,0.6475,0.6129,0.6813,0.6105,0.5730,0.6465,0.507868,0.1396,0.0735,0.2060,1.00e-04,1.50e-03,True,above baseline,5.84e-05,1.17e-04,True,0.516084,0.1314,0.0968,0.1652,0.9989,0.0011,4,0.0016,0.0020
goemotions,Gemma 4 31B,zero-shot,622,0.8196,0.7907,0.8489,0.5932,0.4818,0.6712,0.782958,0.0367,0.0119,0.0621,4.30e-03,4.40e-02,True,above baseline,6.74e-03,8.76e-02,False,0.781701,0.0379,0.0090,0.0672,1.0000,0.0000,0,0.0038,0.0071
goemotions,Gemma 4 31B,zero-shot-cot,622,0.8174,0.7868,0.8469,0.5832,0.4724,0.6610,0.782958,0.0344,0.0103,0.0592,4.30e-03,4.40e-02,True,above baseline,8.64e-03,1.04e-01,False,0.781701,0.0357,0.0051,0.0652,1.0000,0.0000,0,0.0037,0.0082
goemotions,Gemma 4 31B,one-shot-cot,622,0.8132,0.7826,0.8424,0.5852,0.4783,0.6636,0.782958,0.0302,0.0051,0.0559,2.06e-02,1.65e-01,False,above baseline,3.19e-02,3.19e-01,False,0.781701,0.0315,0.0009,0.0607,0.9977,0.0023,7,0.0029,0.0055
goemotions,Llama 4 Scout,zero-shot,622,0.7003,0.6669,0.7344,0.5202,0.4529,0.5795,0.782958,-0.0826,-0.1203,-0.0444,1.00e-04,1.50e-03,True,below baseline,1.18e-04,1.66e-03,True,0.781701,-0.0814,-0.1148,-0.0473,0.9637,0.0363,113,0.0084,0.0175
goemotions,Llama 4 Scout,zero-shot-cot,622,0.6826,0.6479,0.7161,0.5296,0.4587,0.5909,0.782958,-0.1003,-0.1392,-0.0617,1.00e-04,1.50e-03,True,below baseline,6.41e-06,9.62e-05,True,0.781701,-0.0991,-0.1338,-0.0656,0.9379,0.0621,193,0.0092,0.0134
goemotions,Llama 4 Scout,one-shot-cot,622,0.7318,0.6977,0.7659,0.5443,0.4657,0.6119,0.782958,-0.0511,-0.0865,-0.0170,4.00e-03,4.40e-02,True,below baseline,1.75e-02,1.93e-01,False,0.781701,-0.0499,-0.0840,-0.0158,0.9540,0.0460,143,0.0092,0.0126
goemotions,Mistral Small 4,zero-shot,622,0.7656,0.7318,0.7978,0.5615,0.4709,0.6356,0.782958,-0.0174,-0.0543,0.0190,3.40e-01,1.00e+00,False,below baseline,6.71e-01,1.00e+00,False,0.781701,-0.0161,-0.0499,0.0161,0.9945,0.0055,17,0.0053,0.0106
goemotions,Mistral Small 4,zero-shot-cot,622,0.7412,0.7064,0.7740,0.5357,0.4478,0.6089,0.782958,-0.0418,-0.0797,-0.0045,3.10e-02,2.17e-01,False,below baseline,3.76e-02,3.39e-01,False,0.781701,-0.0405,-0.0753,-0.0077,0.9939,0.0061,19,0.0078,0.0104
goemotions,Mistral Small 4,one-shot-cot,622,0.7830,0.7518,0.8129,0.5940,0.4865,0.6681,0.782958,0.0000,-0.0325,0.0325,1.00e+00,1.00e+00,False,above baseline,7.07e-01,1.00e+00,False,0.781701,0.0013,-0.0299,0.0312,0.9961,0.0039,12,0.0047,0.0079
goemotions,Phi-4,zero-shot,622,0.7363,0.7064,0.7659,0.5342,0.4465,0.6023,0.782958,-0.0466,-0.0704,-0.0225,4.00e-04,4.80e-03,True,below baseline,4.16e-01,1.00e+00,False,0.781701,-0.0454,-0.0753,-0.0158,0.9386,0.0614,191,0.0164,0.0161
goemotions,Phi-4,zero-shot-cot,622,0.7617,0.7309,0.7923,0.5634,0.4674,0.6328,0.782958,-0.0212,-0.0453,0.0032,9.37e-02,5.62e-01,False,below baseline,7.12e-01,1.00e+00,False,0.781701,-0.0200,-0.0508,0.0106,0.9412,0.0588,183,0.0090,0.0105
goemotions,Phi-4,one-shot-cot,622,0.6730,0.6463,0.7000,0.5406,0.4420,0.6105,0.782958,-0.1100,-0.1325,-0.0865,1.00e-04,1.50e-03,True,below baseline,5.19e-01,1.00e+00,False,0.781701,-0.1087,-0.1354,-0.0817,0.8395,0.1605,499,0.1258,0.0494
goemotions,Qwen3.5 27B,zero-shot,622,0.7862,0.7534,0.8177,0.5723,0.4621,0.6485,0.782958,0.0032,-0.0277,0.0344,8.63e-01,1.00e+00,False,above baseline,9.20e-01,1.00e+00,False,0.781701,0.0045,-0.0283,0.0360,1.0000,0.0000,0,0.0011,0.0071
goemotions,Qwen3.5 27B,zero-shot-cot,622,0.7897,0.7576,0.8212,0.5793,0.4677,0.6566,0.782958,0.0068,-0.0244,0.0386,6.88e-01,1.00e+00,False,above baseline,8.42e-01,1.00e+00,False,0.781701,0.0080,-0.0241,0.0395,1.0000,0.0000,0,0.0021,0.0060
goemotions,Qwen3.5 27B,one-shot-cot,622,0.7701,0.7379,0.8039,0.5673,0.4600,0.6437,0.782958,-0.0129,-0.0482,0.0225,5.29e-01,1.00e+00,False,below baseline,5.36e-01,1.00e+00,False,0.781701,-0.0116,-0.0438,0.0222,0.9968,0.0032,10,0.0000,0.0000
